id,firstName,lastName,dateOfBirth,age,country,province,city,password
1,Ellsworth,Prater,11/27/2001,23,Indonesia,,Totok,tZ4_l}5C(
2,Francesco,De Domenico,5/21/1956,68,Peru,,Encañada,rJ0~Lp8FNC
3,Judas,Clemo,10/26/1960,64,Nepal,,Janakpur,dD7\/&olSuPNF
4,Bertrand,Creedland,2/5/1994,30,Poland,,Janowice,aG6`SIZqLw
5,Izak,Bygott,12/11/1983,41,Japan,,Fujishiro,"mG0$&5U""8+jKEFvj"
6,Nicola,de Clerk,4/24/1957,67,Cuba,,Baraguá,yW6$7fFhLER
7,Jocko,Anderton,2/27/1970,54,China,,Baini,oY7'j<RR6~'*
8,Florentia,Oats,2/19/2002,22,Philippines,,Boroon,aV2'yC?j*d=Nag
9,Sheppard,Claiton,7/30/1973,51,Poland,,Józefów,qG1!g&>agys8
10,Heall,Godwin,4/23/1966,58,China,,Serh,"rO6!Qbbl<)U,Wj"
11,Natale,Scouse,3/15/2003,21,China,,Duyun,sL7'dy!%4>
12,Erik,Hender,8/20/1978,46,Greece,,Graikochóri,eD5*qa=JPB2tEAA2
13,Fernando,Baud,6/23/1982,42,Sri Lanka,,Galle,vL0{B7O#0D
14,Emlyn,Skones,11/16/2003,21,Moldova,,Orhei,lC3|#fx(.u}sb
15,Killian,Klehn,8/7/1969,55,Czech Republic,,Javorník,vK6%\{C7WFlR*J
16,Joannes,Clemencet,6/14/1984,40,Greece,,Vanáton,eY8\{V`an
17,Aprilette,Karus,6/16/1958,66,Russia,,Losino-Petrovskiy,hN9|V#}|f$uzbb
18,Rayna,Litherland,10/31/1971,53,Sweden,Skåne,Klippan,"mK1,3f_82zVUt3B"
19,Sharon,Honacker,1/12/1992,32,Colombia,,Guayabal de Síquima,pB2(K0g?1`m
20,Christian,Grimoldby,7/23/1994,30,Russia,,Gostilitsy,zQ8_27Jwf0uFRQ\o
21,Earlie,Marrable,1/10/1957,67,Nigeria,,Kwatarkwashi,bW1}ROS\k'6
22,Kylila,McGonagle,2/22/1996,28,Honduras,,Ilama,"yN3>,FrTQ"
23,Jandy,Arrigo,3/30/1984,40,China,,Fenggang,uU9<HF(N
24,Bellina,Hannon,10/20/1987,37,Colombia,,Los Andes,jL0`GPdX
25,Rodd,Kington,1/10/1955,69,Barbados,,Speightstown,eN2.W`?k*k=N8!1K
26,Franky,Klement,3/23/1990,34,China,,Paisha,iM0<6>B.TIF$
27,Moise,Lyptrade,1/9/1965,59,Greece,,Anáfi,hJ9%9J_}X(vp
28,Garwood,Derrington,12/2/1991,33,Uzbekistan,,Tashkent,iX2)xe3ECRD{K
29,Estevan,Garmon,1/20/2002,22,Mexico,Puebla,Alvaro Obregon,iE7!mQIu3ZK>1WML
30,Frederick,Barnes,12/28/1998,26,Poland,,Reda,dL8<M>H5tC
31,Bettye,Flaws,7/17/1971,53,Dominican Republic,,La Caya,"kR4,6Oe0uG`5."
32,Goldina,Worms,1/27/1991,33,China,,Hayan Hudong,xB8#yKvskE=Z3rlA
33,Meagan,Alvis,8/8/1980,44,United States,Washington,Tacoma,bR9{$Ntx&pw
34,Albrecht,Mosedall,9/13/1984,40,Indonesia,,Sembung,aL9.yeTj&f
35,Aviva,Medmore,9/15/1973,51,Iran,,Masjed Soleymān,"tZ2*1o1""3mj2d"
36,Karlens,Southerill,11/18/1963,61,Brazil,,Sinop,sE5!4tkdapY#JItV
37,Emerson,Hurdle,2/25/2002,22,Pakistan,,Moro,tJ5.sUOP1nUxgtJ
38,Garald,Osmon,12/25/1972,52,China,,Mayang,"vW8~w*eWg/@U,C"
39,Lurline,Goodding,2/9/1974,50,Russia,,Dmitriyevskaya,cF2&_Xh9v%S*9Gt
40,Neilla,Camier,10/22/1986,38,Sweden,Västerbotten,Boliden,sC9}(tMj3wb/K?
41,Sabrina,Bilbey,1/10/1970,54,Tanzania,,Ngorongoro,zG6.mq#p!j
42,Janeczka,O'Driscoll,8/16/1976,48,Thailand,,Ban Chalong,hV3<0NXjovLH65
43,Jaime,Banbridge,6/27/1978,46,Honduras,,Valle de Ángeles,tV2}/U0MomZ
44,Davide,Kinkead,12/7/1973,51,Russia,,Uinskoye,jB9#$JRz4)
45,Stella,Phelipeaux,1/29/1976,48,Indonesia,,Kasembon,iQ7`b7rR3!
46,Gris,Brickwood,9/25/1967,57,Japan,,Hisai,bL0/)Pk!
47,Zak,Turville,3/4/1977,47,China,,Yaojiaji,dK6$|#O!Cvf
48,Chadd,Money,10/15/1966,58,Indonesia,,Tumpang Satu,"bD0(,ro""1!6Z&Bi"
49,Lanette,Goldby,5/18/1974,50,Brazil,,Mendes,uV8=Nx'c9
50,Isadora,Cockrill,4/1/1973,51,Canada,Ontario,Atikokan,cV1%t.%|
51,Mathian,Junkison,9/22/1956,68,China,,Changshengqiao,pL5&bZZX<o{
52,Brita,Scotchbrook,3/14/1970,54,Indonesia,,Batojaran,sA7|s}mN+SQI
53,Felix,Weond,12/2/1959,65,China,,Xunzhong,pR3=bty7{kHdenT
54,Archy,Mumbray,3/26/1973,51,Afghanistan,,Quchanghī,yK3@<_/e8~.|.
55,Dasya,Dissman,8/19/1976,48,Argentina,,General Ramírez,"dP4')Wj,#jkxYd"
56,Tony,Creaney,1/25/1961,63,United States,Texas,San Antonio,bD7)yDm+#U
57,Etheline,Vannoort,5/21/1988,36,Greece,,Pérama,hA7$IQ~h}FA
58,Netta,Kayser,7/9/1959,65,France,Poitou-Charentes,Bressuire,jP4/m<lM4AN
59,Hi,Aynscombe,9/26/1998,26,Bosnia and Herzegovina,,Koran,rA4!MG>5/Y
60,Ced,Ibbitson,6/12/1988,36,China,,Yunchi,rC7\xWi1zkZ
61,Bellina,Reddin,9/21/1968,56,Finland,,Hartola,oQ7<IlE`3cQ_
62,Jethro,Posvner,1/23/1970,54,China,,Jiuhu,sI1.jAljF*
63,Gert,Grievson,7/6/1974,50,Indonesia,,Kampungmasjid,tZ4=oOs!Jo3%L
64,Gunar,St. Quentin,1/25/1970,54,Armenia,,Mets Parni,bD8.Mqg{bo6{dc
65,Lucila,Fausch,8/27/1963,61,China,,Shuishi,sS0>YO2vU4@!cP
66,Delaney,Godon,4/10/1959,65,Latvia,,Cesvaine,"nC0&$Q9N|#""n/quj"
67,Hanny,Cheverton,6/3/2000,24,Argentina,,Villa Santa Rita,"aY1,PcYed*d"
68,Sharl,Renols,11/23/1981,43,France,Île-de-France,Moissy-Cramayel,qH0%T>g%gx~82
69,Maisey,Hassen,3/21/1979,45,Indonesia,,Ngadri,bN3$x{Gx1A~v
70,Lazar,Woollons,6/10/1955,69,China,,Yongning,lR7.xQJW?>#kOf
71,Pippa,Mawhinney,5/2/1987,37,Philippines,,Jandayan,eP0'my'T47
72,Vonny,Stancliffe,1/18/2001,23,Cuba,,Amancio,nD0&9g1XWy2R~%
73,Mahala,Weinmann,1/29/1986,38,Saint Pierre and Miquelon,,Saint-Pierre,qH6{&)P?
74,Solomon,Ratledge,1/6/2004,20,Poland,,Mokotów,"jQ3'b!?DJ,"
75,Malinde,Ducarne,10/30/1960,64,Sweden,Skåne,Hörby,bS2{g6c+\
76,Pepito,O'Crevy,9/24/2003,21,Russia,,Bor,aF8#AxG_
77,Cyndy,Millier,5/10/1986,38,China,,Gaotaizi,zS8}K%L9
78,Clementius,Hiseman,2/15/1956,68,China,,Tunzhai,lG2?tWuRS|
79,Ema,Goodday,5/9/1972,52,Japan,,Katori-shi,lI2>Pf(0'#}f
80,Carroll,Lindenberg,6/5/2001,23,Indonesia,,Awarawar,vR9\#b}xQrDUnG
81,Evangeline,Cockill,12/4/1969,55,China,,Wanfang,sJ9|Th`eb}amgn
82,Delmer,Pudan,10/30/1978,46,Portugal,Braga,Quintão,xH6|`G4K(
83,Rosamond,Goulbourn,10/28/1965,59,Norway,Ostfold,Moss,hH6$G6DXBQ)0YbC|
84,Kirstyn,Lippo,7/4/1998,26,Serbia,,Stanišić,hK3_Yxy<y>)l
85,Lazarus,Muldrew,3/14/1986,38,Russia,,Likhovskoy,uG4_{+xZWv=Y
86,Odie,Trevan,12/19/1979,45,Indonesia,,Genengan Kulon,yV7(jlc$NX4|EL65
87,Oliy,Belsher,8/25/1969,55,China,,Ma’an,mF3=//ha0+
88,Nesta,Errowe,2/6/1971,53,Indonesia,,Tanahmerah,lF2%#D.}I
89,Martica,Benham,1/28/1994,30,Russia,,Severobaykal’sk,cQ4\ra=BD
90,Cullen,Freeman,12/5/1961,63,Poland,,Tuchola,"kN1%yo~,T7p6vf5T"
91,Elenore,Hatherall,7/26/1983,41,Sweden,Västra Götaland,Tanumshede,gQ1=i8=XX~Y4
92,Marchall,Lamball,2/2/1997,27,Slovenia,,Portorož,uH3*eoY/Aa%T
93,Missie,Murt,7/14/1966,58,French Polynesia,,Afareaitu,zA4_~FSTA~aOC
94,Sophie,O' Dooley,3/3/1974,50,Philippines,,Bagumbayan,uH9!Vwl!\HIh3
95,Darci,Slograve,8/23/1959,65,China,,Song’ao,"hW7*v""4hj""L7Weu"
96,Clevey,Ciccottini,5/27/1989,35,Indonesia,,Bebedahan,gM6@gj%wx?
97,Forest,Dent,4/20/1979,45,China,,Qibu,"iA6*,zK*2"
98,Daffy,Gerring,2/11/1980,44,Indonesia,,Umbulan,aN2~d(WDDag
99,Arty,O'Calleran,11/26/1977,47,Poland,,Ostrowite,zX2~.oeGxm
100,Lorita,Di Pietro,4/20/2000,24,Indonesia,,Mangunjaya,kI7}Z%J=6I>{ajk/
101,Casey,Honeyghan,12/10/1998,26,Kazakhstan,,Zaysan,oG4/eh}lI~ky$
102,Sergeant,Slowey,8/9/1958,66,Finland,,Särkisalo,"fA1~ds,_1"
103,Rici,Rao,10/8/1975,49,Azerbaijan,,Geoktschai,yF8/g1\5zVLs
104,Ceciley,Manuely,1/21/2001,23,Mexico,Chiapas,Lindavista,vG8_|#+p`iwigY
105,Gerladina,Perulli,6/26/1984,40,Dominican Republic,,Gonzalo,aW2{*8aO}
106,Iormina,Donnell,7/9/1989,35,Russia,,Ursk,vB2!_L(NSp
107,Corey,Pietz,11/6/1959,65,Peru,,Tarica,"hL0*JRSm+""UtAc"
108,Foster,Kivelhan,7/18/1984,40,China,,Hou’an,zJ6`FWW}F$_
109,Wally,Roseblade,10/15/1976,48,Benin,,Bétérou,kV1\p#P9%}=M
110,Grover,Scudders,6/14/1978,46,Vietnam,,Tân Việt,qM6&+s.sDQ(
111,Korney,Hallworth,7/12/1998,26,Nigeria,,Warri,lN2/pl4#k.*rBU
112,Janot,Guntrip,5/12/1965,59,Belarus,,Mazyr,iE7?T8B5OR9x
113,Benedict,Eberst,3/18/1963,61,China,,Qijing,yC2#<=&*vU3
114,Seka,Kaminski,6/1/1999,25,Russia,,Kalininskiy,"eG7=EFkW,SK2|s4T"
115,Evered,Tytcomb,12/12/1960,64,Russia,,Donskoy,wU3%.U$s
116,Loutitia,Creer,4/20/1969,55,Poland,,Bralin,"xU5$sTQ""@K_w5JJK"
117,Lauryn,Hammelberg,10/28/1964,60,Greece,,Kouloúra,nT8)<Ow7#O1CcX.
118,Roobbie,Vellacott,8/3/1979,45,China,,Fengshuling,bG9<e>ka!iP
119,Giordano,Oultram,8/19/1976,48,China,,Changyi,gA3(fm56Y6(3asM
120,Prissie,Willmore,12/22/1964,60,China,,Dongtang,lJ2)n&T1W.x#OlpY
121,Julissa,McCosh,1/22/1972,52,Philippines,,Lingion,uV2.)VHM@zgah
122,Hal,Jahner,5/12/1971,53,China,,Mugala,"yG2),XHYd"
123,Oberon,Leek,8/18/1963,61,Costa Rica,,Curridabat,rZ5)qk|nDf
124,Waverly,Honisch,10/17/1972,52,Brazil,,Codó,cW2{4bF6&ezexGY
125,Fran,McTurley,3/24/2004,20,Philippines,,San Pedro,"xV5)B|x`U,`nf"""
126,Lila,Middas,1/5/1962,62,Portugal,Porto,Duas Igrejas,nN0=hgU'3E!GQG
127,Regen,Albasiny,7/1/1996,28,Uganda,,Lyantonde,kW0}NV0(<
128,Eda,Kerfut,2/28/1980,44,Russia,,Shali,"sI9'T""N!NM"
129,Thedrick,MacLeod,5/26/1992,32,Brazil,,Muzambinho,"jR7<~'y&F""F"
130,Collie,Wordsworth,7/8/2003,21,Thailand,,Ta Phraya,"mM5%+K,}v"
131,Annabella,Clemenson,9/16/1994,30,Belarus,,Horad Pinsk,pV7'uqCW'dCmhG
132,Shellie,Stratton,3/31/1991,33,Indonesia,,Kebonagung,"fE4""*`I.5Wv05tVN"
133,Winonah,Phillcock,6/26/2002,22,Philippines,,Carmen,tR8{K2l|WzVZ
134,Arlene,Vagges,5/21/1961,63,Greece,,Ellinikó,fT1\t=<L@|rhgI
135,Ronald,Deam,2/26/1959,65,Armenia,,Dalarik,jD0_x*f<uAES_<
136,Jackie,Sherwood,5/1/1991,33,Portugal,Leiria,Póvoa,"pG0""}E,q=`cB?"
137,Thomasina,Kees,9/17/1976,48,United States,Alabama,Montgomery,iB2\a8AmVvGJ
138,Ema,Lambarth,6/29/1974,50,China,,Yueyahe,vU7%1PJ1Z7
139,Earl,Ballentime,10/23/1962,62,China,,Xianren,rA4_8a7T3T{
140,Rey,Ballston,3/29/1997,27,Colombia,,Candelaria,uZ2%&Q\3K.F=\lJC
141,Flin,Sheerman,12/21/2003,21,Tokelau,,Fale old settlement,eK9*4Jl*
142,Fowler,Keelan,5/18/1957,67,Brazil,,Francisco Morato,cJ1.7q/CWk&&7
143,Caprice,Adds,10/31/1971,53,Indonesia,,Kubangsari,"xC4,53mw>_LV64"
144,Rochester,Kaspar,5/4/1973,51,China,,Yaotian,"qL2\If_)#m,jdaF"
145,Maia,Oseland,12/27/1983,41,Tajikistan,,Gharavŭtí,eI2(PpJ.6J%U6u5
146,Amory,Grutchfield,5/3/1996,28,Russia,,Cherskiy,xP1$OAtb4v!
147,Dniren,Colbert,11/2/1954,70,Indonesia,,Karangmulya,"yQ9>'s""<,$usqw$B"
148,Mariel,Francesc,3/26/1970,54,Russia,,Novouzensk,gQ5{vYuT01(6u
149,Coletta,Kelsell,4/28/1955,69,Afghanistan,,Qarqīn,"zM7_&""T=/0nwZK"
150,Emmey,Bryan,2/5/1982,42,China,,Chengdu,kN3(X~#Zb31K%Wk
151,Silvano,Baddow,10/17/1989,35,Lithuania,,Mastaiciai,lH7|Sz{+TZ')t|t
152,Merrili,Klimmek,1/22/1965,59,Brazil,,Naviraí,uT3$'Le3DS?TJg_O
153,Austen,Dawney,7/20/1957,67,Portugal,Leiria,Vale da Pedra,nB6.1keMQRBtzz
154,Zora,Bostick,8/20/2003,21,Pakistan,,Sūrāb,nL5~Z1aN)6tg
155,Godfree,Bechley,2/12/1966,58,France,Languedoc-Roussillon,Montpellier,"mU6}&!e"""
156,Anett,Sammars,3/26/1980,44,China,,Pingdong,"dY5,2W""nFonn<+N"
157,Karina,Bloodworthe,5/5/1982,42,Russia,,Berëzovka,hY2'lNXzf
158,Shirlene,Janousek,9/23/1987,37,Philippines,,Upper San Mateo,bK1|Z9Y/0Bf1a+
159,Arabel,Craigs,7/16/1967,57,Brazil,,Maracás,fW2'jR1m)cb
160,Caria,Jennison,1/28/1964,60,Czech Republic,,Slavonice,"jU9*""'ty"
161,Dosi,Gwynn,2/16/1978,46,Czech Republic,,Chrast,hW3!nz=Olp$<)s\L
162,Kelbee,Ridsdale,5/18/1993,31,Ivory Coast,,Katiola,vW8|mvG4$cPlB?iA
163,Derek,Smiths,6/28/1986,38,Uruguay,,Castillos,cC2}{t(a(kDZ<SNO
164,Gabbey,Cawthery,10/19/1983,41,Hungary,Budapest,Budapest,rK0<enbHx_
165,Wayne,Hawtrey,6/11/1959,65,United States,Texas,El Paso,"qR4.my0eU.<Li""@f"
166,Mayne,Rawls,1/3/1978,46,Sweden,Uppsala,Uppsala,aW9\ZHkj
167,Gunner,Sired,5/15/1966,58,Venezuela,,Guatire,eS0(~6YjQg
168,Cathrine,Bittlestone,8/18/1978,46,United Kingdom,England,Kingston,"bG2+C06N#|5"""
169,Hildagard,Preshaw,4/22/1999,25,China,,Baibu,aE7#V<~U\Qr}s6#<
170,Richmond,Lapthorn,4/13/1982,42,China,,Qujing,kN7'1zsGv#
171,Cullin,Shingles,9/9/1991,33,Colombia,,Florencia,"aJ2,mcH=q3@IC'p"
172,Brenden,Padginton,7/12/1998,26,Brazil,,Luziânia,gD9!+vCY
173,Berk,Halt,11/19/1976,48,China,,Wanling,nW6.Yh)N_y>|0x9
174,Sharline,Jedras,9/22/1962,62,Russia,,Chekhov,"uW9$0,y|}Y"""
175,Korella,O'Fallowne,12/26/1959,65,China,,Zhonghekou,lI6@cB=LI#$QOa!
176,Britney,Bassford,12/20/1995,29,Poland,,Dębno,"dL5,TDmqV?"
177,Abelard,Sebring,7/28/1998,26,China,,Liqi,pN2_'Ab4\=h8(
178,Didi,Gayler,8/14/2003,21,Ukraine,,Volochys’k,"oX8%U,iH#~o"
179,Johny,Gouda,5/14/1965,59,Benin,,Bétérou,sU8)rWYYP6x
180,Fleming,Osbiston,2/3/1959,65,Cyprus,,Mosfilotí,gC9<Az`~?bcBi
181,Conway,Colman,9/28/1976,48,Brazil,,Manaquiri,"pJ6*N>}s,"
182,Sharon,Overil,12/4/1961,63,Brazil,,Montes Claros,"mG9<$Y.=""5QM+jz"
183,Nolana,Burford,2/3/1981,43,Poland,,Kowala,aW8\o1=jvdi_p(zE
184,Carmine,Girardy,4/11/1962,62,Ireland,,Dunmanway,pO6/BtvK$b>
185,Christophe,Coiley,12/12/1962,62,France,Provence-Alpes-Côte d'Azur,Gap,jY1|ZHYZnP)N}
186,Brooks,Brandham,5/11/1976,48,Philippines,,San Emilio,iH6'eS?1mq
187,Alisha,Surridge,8/31/1970,54,China,,Shifang,xF8$+&pz_q'$y3_
188,Astrid,Kinkaid,2/20/1974,50,Slovenia,,Ljubno ob Savinji,dV5<|g(l%Ve
189,Letti,Capin,5/25/1986,38,Indonesia,,Kokar,uV6`>*G3v8bzx
190,Lawry,Botright,10/22/1975,49,Japan,,Ono,nR6.*znYLz
191,Katheryn,Such,7/3/1988,36,Palestinian Territory,,Jalqamūs,dA8@b}v3sy3%Ip
192,James,Kernocke,3/16/1964,60,Russia,,Yeysk,kU3+!FegrRUdg
193,Tera,Jollands,10/12/1972,52,Indonesia,,Tuapukan,tO9$L5OxGZTG
194,Irving,Heintze,8/3/1998,26,China,,Changshan,pG4<2i'Ne95H
195,Maurene,Christy,12/16/1962,62,Philippines,,Kinamayan,hU7{'2l.Z/<
196,Murvyn,Spawell,3/27/1978,46,United States,Florida,Jacksonville,tL8!1{k+'
197,Hedwiga,Habershon,7/16/1960,64,Indonesia,,Manola,"tE0$de4q,6'8J"
198,Barbette,Billing,7/28/1988,36,France,Île-de-France,Cergy-Pontoise,sT3/@_sEUW_
199,Jeth,Leeb,7/17/1963,61,Dominican Republic,,Sabana Grande de Boyá,"oV4_.TAOU87,$wl"
200,Inigo,Dimmne,9/2/1955,69,Czech Republic,,Horní Počaply,hR5|Qx_dOs.
201,Rianon,Hustings,10/10/1996,28,France,Provence-Alpes-Côte d'Azur,Vallauris,nP1.%EU!(I&AP
202,Arel,Pendred,7/4/1971,53,Russia,,Staryy Cherek,vC8/u1FRPZf
203,Morlee,Room,6/20/1970,54,Indonesia,,Ramaram,"iC1&b,g=t?26~"
204,Mia,Evers,2/20/1969,55,Lebanon,,Batroûn,"pT4?Y6GHvG,HJEBS"
205,Joaquin,Flett,3/24/1962,62,China,,Gyangkar,cP3~P{mgOl6T/~
206,Adriana,Stoller,3/20/1992,32,Serbia,,Klenak,pL4>)d%n0K>!
207,Arlie,Sandbatch,6/11/1973,51,Colombia,,Ríohacha,"wT9,>h#M"
208,Garvey,Scuffham,1/18/1989,35,Sweden,Västernorrland,Sundsvall,cS1{Q@XkngsDpYS
209,Claybourne,Fitzsymonds,2/14/1972,52,Portugal,Lisboa,Antas,xZ0*DM=4.`
210,Jared,Kielt,7/29/1975,49,China,,Xinxing,"cW0,09&kMVQxyVrr"
211,Alick,Terzza,10/18/1957,67,Pakistan,,Bhalwāl,hU5/JW2ofUY
212,Ruthy,Studdeard,10/23/1959,65,Mauritius,,Camp Thorel,"pF9,RSG.BSL"
213,Alex,Charrisson,1/25/1957,67,Thailand,,Nong Phai,"yU0""(y}}+m"
214,Briny,Garth,3/11/1998,26,Philippines,,Sinubong,"qO8==,@0cv_YI7Hw"
215,Theressa,Rucklesse,2/2/1989,35,Mexico,Hidalgo,San Jose,"iN9%p*gZr71""prx"
216,Curcio,Reidshaw,1/24/1986,38,China,,Longquan,kO9~.fVV@SzI@
217,Engelbert,Shemmin,9/12/1986,38,Russia,,Idritsa,yL2)K!a8$kY6<*3
218,Corabelle,Trevains,1/30/1985,39,Portugal,Aveiro,Azurva,qP8'}b=&
219,Kellby,Olkowicz,3/10/1960,64,Dominican Republic,,Sabana Grande de Boyá,dX0\XJ4%Etw&CaP5
220,Rufe,MacMaster,5/20/1965,59,China,,Hongshi,xU8&ZRw2.?3
221,Tiebold,Dutnall,6/4/2001,23,Philippines,,Capalonga,tP8?jZim<w7G1*\>
222,Nina,Lenham,5/10/1961,63,Indonesia,,Cigadog Hilir,yL0{\%<6YR
223,Ara,Petrecz,10/12/1988,36,China,,Dayuan,bC3.$AjJXP3T
224,Jerrine,Wadeling,3/9/1986,38,Japan,,Kawasaki,qZ0%pCyRC.VTPT|
225,Kalila,Drowsfield,6/5/1995,29,China,,Penglai,rS1.4aQY
226,Sophey,Pablo,4/16/1960,64,Finland,,Kurikka,xZ7>!(M+rG+){<
227,Gerick,Mapes,10/2/1954,70,Brazil,,Brasília de Minas,cK8#E7\y!rp
228,Deb,Setford,10/22/1959,65,China,,Meilin,zJ9@Zos(hl38eno
229,Tadeas,Rosenberg,12/5/1996,28,Brazil,,Palmital,hS6&y{}>4f(W5v2}
230,Kial,Mixhel,8/8/1964,60,China,,Nanxi,"xM2?m&8,tO"
231,Ottilie,Bilney,12/2/1989,35,Nigeria,,Kende,yW6?IrFe(e?wNc
232,Minni,Searles,6/7/2003,21,Russia,,Shchukino,hA9?GWcG*EisokZ
233,Emalia,Batham,10/23/1967,57,Mexico,Guerrero,Lindavista,tS3+$>*!2Q%Uz`t
234,Pegeen,Craigmyle,6/29/1955,69,Brazil,,Pedro II,iB5!%Q8{NZ5ou
235,Morgen,Mossdale,3/22/1992,32,Brazil,,Peruíbe,sT1{BX5/!Xya
236,Sam,Fullager,10/23/1965,59,Colombia,,Cotorra,sO6|GAWh)7gdQ
237,Robinette,Meeron,3/14/1986,38,China,,Gaoping,dJ3)XGSBHQT
238,Clem,Tuiller,10/19/1958,66,Indonesia,,Rangah,qR2<8hmyus
239,Elka,Richarz,8/23/1987,37,New Caledonia,,Fayaoué,qT9\>q{B
240,Philippa,Chattell,10/21/1994,30,Philippines,,Sindon,bG7*x.Ixz
241,Ambros,Kemson,2/24/1957,67,Brazil,,Piraí,nD9+YTJqC?r\
242,Bidget,Gaiford,8/7/2000,24,China,,Yongning,"zO6,ab=>bC'Hx"
243,Lefty,Jiras,8/26/1986,38,Mexico,Jalisco,Loma Bonita,uP4@jKLeqNNwY6
244,Conney,Prazer,5/6/1978,46,China,,Haoping,kL4}%EoU%HC{N`/
245,Burg,Keeney,4/16/1966,58,Indonesia,,Cihaur,hN8~xdNL1EwK
246,Olenka,Plet,3/15/2003,21,Uganda,,Soroti,mO0<cz@(V
247,Gun,Goldstraw,3/16/1983,41,China,,Doumen,"iR1?~XOUQPKOO1,B"
248,Evangelina,Frood,6/3/1998,26,Portugal,Aveiro,Vessada,tW8)R`YG
249,Latashia,Matskevich,1/15/1964,60,Zimbabwe,,Masvingo,lZ4_g3`?rmj*%?H
250,Sally,De Moreno,9/10/1965,59,China,,Weibin,lA2__>|F>>$m'#
251,Tristam,Beet,8/27/1965,59,China,,Chunshui,"uO4?Mt0@,k8P7Tc/"
252,Bill,Hunday,8/22/1956,68,Croatia,,Slobodnica,tM2{_$)h
253,Broderic,Bordman,7/17/1993,31,Argentina,,Colonia Wanda,tV9<mlfA
254,Cully,Rupel,11/19/1972,52,Yemen,,Al Ghayl,yI2#rHYSj7X?h}G
255,Dennie,Callen,6/25/1983,41,Thailand,,Rat Burana,mM8}='##!o
256,Kelci,Bunton,10/17/1973,51,Sudan,,Tandaltī,uG4?bV&l~W#Pa
257,Ty,Etherton,8/25/1982,42,China,,Longtanping,gF1@wI)=P`C7
258,Corenda,Brendish,6/24/1957,67,Bolivia,,Jorochito,sY2+26nQdhK1Lap
259,Mandy,Mutch,12/2/1966,58,China,,Nanfeng,iV8)T=QV|H|+%
260,Clarisse,Senyard,6/21/1969,55,China,,Xicheng,uL9|~$(q
261,Philipa,Campaigne,9/14/1993,31,Russia,,Pristen’,lO2?r2d3
262,Cull,Greed,9/14/1971,53,Vietnam,,Núi Đối,xI5>F&*HW1#
263,Dunn,Cloy,3/15/1988,36,Canada,Québec,Saint-Rémi,vE1&.h8=AIVH
264,Saundra,Scargle,9/12/1967,57,Philippines,,Cavinti,iE7'v?_b
265,Justis,Mewhirter,5/3/1991,33,Philippines,,San Francisco,bM2}3TWov&
266,Moselle,Allom,4/14/1977,47,Russia,,Magnitogorsk,"qZ5,E'ZM5'PQxj"
267,Tasha,Whall,7/25/1974,50,China,,Zhongcun,lK8(AEv`D9DBB
268,Gianni,Joselovitch,8/10/1962,62,Morocco,,Skhirat,oW1?SPT=8=
269,Celie,Brownsett,12/25/1993,31,Indonesia,,Kadumelati,sC9_H&Dm%t\Gq
270,Thoma,Leipold,1/2/1995,29,Kuwait,,Ḩawallī,wV4>+M=upMl
271,Betty,Seymer,4/30/1965,59,Poland,,Zagórów,"rV6{kGe\<dxW""4"
272,Obadias,Accum,10/10/1954,70,Sri Lanka,,Kandana,xS3)#.j~\'Zt
273,Anastasia,Briddle,3/12/1968,56,Sweden,Västra Götaland,Torslanda,oV0&KcKbjU$R
274,Abdel,Aldrich,6/5/1957,67,United States,Maryland,Silver Spring,mD4.RmDm
275,Federico,Messager,5/12/1974,50,Brazil,,Natal,wN5=}oz@co
276,Antoni,Fontaine,5/18/1989,35,Mexico,Chiapas,Guadalupe Victoria,wY6.n#uaRav
277,Dorotea,Vaggs,1/19/1997,27,Guyana,,Mahaica Village,oK5%wn8j%Pz
278,Shaine,Headrick,11/18/2000,24,Burkina Faso,,Sebba,oX7)X?RIrv
279,Erek,Allone,7/31/1981,43,Malaysia,Pahang,Raub,hW4'+49q2Q+/3+$
280,Dorree,Autrie,9/11/1986,38,Japan,,Yatsuomachi-higashikumisaka,jH5|PMOgO
281,Sunshine,Woolard,8/6/1975,49,Philippines,,Santo Rosario,iT7`NGU=
282,Ethe,Vicarey,5/18/1986,38,Israel,,‘Eilabun,sQ9<_sT|W
283,Donnie,Van der Hoven,2/1/1999,25,Indonesia,,Pergan,xJ5.QCsD
284,Nalani,Barrell,2/18/1972,52,Zambia,,Monze,qI0?!NAn/
285,Lauryn,Nathon,6/28/1958,66,Indonesia,,Argasari,mC7{{$>by3
286,Darlleen,Antonellini,7/29/1987,37,China,,Panshi,sX9*MUX!uWgm0
287,Sindee,Niese,1/27/1958,66,Mongolia,,Bayshint,vW8|&zO_*ID'hl
288,Jemmy,Cubbini,1/27/1977,47,Portugal,Santarém,Ereira,nR8~3az8Y0?f
289,Davis,Gall,5/12/1984,40,Philippines,,Larap,hM0!nr#>MKopI{
290,Elita,Smiley,1/5/1999,25,China,,Xiangyangpu,lB2_sNJ'
291,Retha,Hardbattle,7/29/1967,57,Indonesia,,Bojongsari,"oR8_)h=@Re""S"
292,Bertrand,Menlove,6/22/2003,21,Indonesia,,Gemblengmulyo,rA8_5|LY_Q'&vN
293,Corbie,Nolder,1/12/2002,22,Tanzania,,Mwaya,yM8(B79lx\tH.e
294,Coletta,Abrahams,2/16/1959,65,China,,Huaniao,"zD5{Uer9b3xM,&I+"
295,Lion,Barense,11/26/1979,45,Dominican Republic,,Salcedo,iX9!n#XwN7bhN*1
296,Cassey,Colchett,5/17/1960,64,Sweden,Västerbotten,Umeå,bM0}rQ/j3''
297,Tonie,Wannell,4/7/1964,60,China,,Wulan Haye,wD6*pbv2a!<{iln5
298,Celestia,Langrish,9/12/2003,21,Myanmar,,Bago,eR8*9rC+2D+~cX.T
299,Trenton,Bringloe,6/6/1979,45,Japan,,Noshiro,kU3$yrRwj2or
300,Lily,Betz,5/27/1955,69,France,Île-de-France,Vitry-sur-Seine,oW8/bzXE
301,Jayme,Jelley,9/4/1974,50,China,,Luohuang,pN4`UWUxRvb$
302,Marcille,Dowdell,9/21/1989,35,Philippines,,Ronda,cM1`Sb<9p~.h_!%
303,Anet,Durden,7/5/1997,27,Czech Republic,,Bukovany,bU6!c0n/.72#AT
304,Scarface,Mouncey,8/29/1996,28,Sweden,Stockholm,Åkersberga,oZ7.A\ldU3
305,Sawyer,Witty,10/11/2000,24,China,,Changning,nT3`|YN{0.E<UN?0
306,Mallory,Milsom,5/19/1968,56,Indonesia,,Kubangsari,kN3~#hoC_Z$\AC}#
307,Herman,Bollard,7/3/1978,46,China,,Xinsheng,qU8$6jV7YKKUD
308,Arabela,Van Geffen,9/7/1996,28,China,,Liushun,"eX7$vi=aN#""e90f8"
309,Ado,Rustedge,6/29/1996,28,France,Provence-Alpes-Côte d'Azur,Salon-de-Provence,mJ5|}at_r+oiH
310,Abey,Raden,6/25/1961,63,Japan,,Makabe,fN5=qU*fhuP5
311,Silvan,Levet,5/7/1978,46,Norway,Ostfold,Moss,xP6_U)\I\Y
312,Shannon,McNirlan,10/12/1974,50,Indonesia,,Waenenda,uM6?YX!|EK|B.&
313,Calv,McComas,6/16/1987,37,Peru,,Echarate,cP3@JK+%b
314,Gabrielle,Chinnery,7/26/1967,57,Vietnam,,Đắk Song,aY1~{Uw(aq>1
315,Porter,Duberry,3/26/1960,64,Indonesia,,Arosbaya,tI8%plPP
316,Karleen,Perryman,6/23/1984,40,Philippines,,San Jose,zQ6!O&`.3BWB
317,Casey,Kittley,7/11/1960,64,Indonesia,,Banjar Dukuh,"lY9!ySE+,p2bq"
318,Nanny,Fenix,10/23/1963,61,Philippines,,Balangkayan,dB6+5?0O
319,Barnett,Gravenell,1/9/1971,53,Indonesia,,Babakantugu,aS9'Quq\_)
320,Thorstein,Linning,10/25/1979,45,Finland,,Ruukki,xX9&w@L0U
321,Maurice,Kopta,12/6/1982,42,Bangladesh,,Sirājganj,kP6?%J1_8
322,Avis,Battrick,5/17/1964,60,Indonesia,,Dukoh,"bG1%Me,oxP|ZYm="
323,Eberhard,Apps,5/14/1961,63,China,,Qilin,tA5>~~tG3%bEe{O
324,Di,Sutherns,1/14/1957,67,Nepal,,Birendranagar,fN9>w!yrF2`n<_h
325,Dieter,Elves,4/29/1978,46,Russia,,Petro-Slavyanka,uA5`C)sZ
326,Rosene,Kain,4/25/1981,43,China,,Hongxi,mB8'~NYT7>0
327,Danice,Prichard,10/13/1994,30,Thailand,,Sa Bot,gJ7#(%j_H
328,Ruddy,Hardie,5/12/1992,32,Indonesia,,Baganhilir,bC9!.}SV|=d.
329,Skell,Arton,8/11/1977,47,China,,Dagu,qI8$BR0{>zhy
330,Walsh,Stetson,4/1/1976,48,Denmark,Region Hovedstaden,København,gE8*@mkqU')`Qo5
331,Claybourne,Harte,12/19/1956,68,France,Provence-Alpes-Côte d'Azur,Vedène,mK9*_!ib
332,Brian,Nortunen,5/20/1977,47,China,,Shuanghe,"kT9""UiQ)xXi"
333,Deloria,Mergue,12/13/1994,30,Indonesia,,Gunungputri,"aH3,,./\SVAOmNFp"
334,Lulita,Lancaster,4/5/1959,65,Syria,,Al Khushnīyah,rG9%YrpUzH
335,Sullivan,Steffens,12/8/2001,23,Argentina,,Cipolletti,hM2*IypSiS
336,Milt,Burstowe,3/16/1966,58,Poland,,Jaworzynka,nH8%LTs~<!Ac%66
337,Cindelyn,Tures,12/15/1980,44,Republic of the Congo,,Sémbé,lM6*U4.(aT
338,Rhiamon,Gerckens,3/15/1966,58,China,,Huangtukuang,qE5#$!RLnT
339,Marieann,Cronshaw,8/5/1981,43,China,,Sunzhuang,pG9|Kt}@+A
340,Evie,Trowbridge,12/27/1958,66,Brazil,,Tabatinga,nB9\g=5mU*SUq(V&
341,Alleyn,Kalinke,11/18/1989,35,China,,Ganquan,cG8>&h}vLdOTK2K
342,Kristofor,Schuricke,5/6/1983,41,Paraguay,,Villa Florida,nX3\)2#=HMT
343,Harmony,Van Der Straaten,12/14/1977,47,Netherlands,Provincie Gelderland,Tiel,vN1}~e>?10
344,Kassi,Rudinger,2/10/1964,60,Mexico,Nuevo Leon,Las Palmas,"tU7,~U_kVGD"
345,Quent,Truswell,11/15/1995,29,China,,Pingding,pF0&K>2bGf?kk>a
346,Tully,Jiras,7/19/2002,22,Russia,,Tsurib,mH3#VoBQ_)
347,Marwin,Pantlin,8/1/1973,51,China,,Woken,"mT2,=Df=aBHq"
348,Gratia,Dewan,7/5/1970,54,Japan,,Hakui,cF4{#q#mh
349,Cordy,Sheaf,11/21/1970,54,Indonesia,,Duang,hE6{|XR'~
350,Aaron,Issit,8/4/1973,51,Portugal,Vila Real,Ribeiro,rL5_<P=zEuAKS
351,Valentina,Jancar,12/14/1987,37,Russia,,Kargasok,cC9&OJ}~
352,Rand,Kenrack,7/9/2003,21,Russia,,Ufimskiy,hJ2&8E0Yw!
353,Vinni,Conroy,11/18/1960,64,United States,New Mexico,Albuquerque,"yU3$8v7+6kE,!r"
354,Fionnula,Vaughton,12/8/2002,22,Ghana,,Bekwai,rF6{@wOz#
355,Gerhard,Ripley,1/21/1968,56,China,,Chuanpu,lS2*ETn*T+~
356,Tracie,Tarney,8/26/2004,20,Australia,South Australia,Adelaide Mail Centre,"qT4""VIfM,"
357,Esmeralda,Puckring,1/18/1965,59,France,Aquitaine,Mont-de-Marsan,zS7!~b0+bNzo
358,Cherianne,Nani,5/8/1957,67,Indonesia,,Balung,hL8.AbrOR!AY4Zf3
359,Garret,Rickersey,11/13/1984,40,Philippines,,Sañgay,"aV9!W""#X7I"
360,Barbee,Foulcher,1/30/1962,62,Indonesia,,Kloangpopot,yT7$\XuE!
361,Nester,Lisimore,1/8/1969,55,Sweden,Dalarna,Borlänge,qE9.UW=mS/
362,Brandise,Dradey,5/15/1989,35,Indonesia,,Krapyak Kidul,"bJ8@e)k|,%6P8"
363,Thatcher,Conkie,7/28/1966,58,China,,Anling,oR8)KdRW_KpL
364,Violette,Brotherwood,3/19/1977,47,Brazil,,Itacorubi,vC3<4EYW658
365,Leeanne,Kettle,7/9/1980,44,Uganda,,Kamuli,iC9@~GpL?)aEI
366,Nonnah,Pacher,5/1/1977,47,Reunion,Réunion,Saint-Denis,iD2%}nMZ!/
367,Beatrice,Bolderstone,12/3/1996,28,Mexico,Tamaulipas,Independencia,"cP9*Cc#,3C<b+*"
368,Crystie,Norcott,10/16/1961,63,Nepal,,Dhangarhi,yB0.=IQ/
369,Temple,Halpine,5/28/1978,46,Bosnia and Herzegovina,,Careva Ćuprija,sA8#OzBkvKI%3#c
370,Emilia,Jakubovicz,5/19/1977,47,Niger,,Nguigmi,"gY3)4tDRjU<|9YT,"
371,Bunnie,Hildred,2/5/1965,59,Japan,,Tomiya,kO6#5=0ND_Y
372,Hilary,Peddie,5/1/1974,50,China,,Xiangxi,"lY5|o/aq""$ATvHg"
373,Hardy,Eginton,2/13/1981,43,China,,Xiaoweizhai,lH9``Rc_Dm
374,Dre,Walsh,10/6/1977,47,Nigeria,,Iperu,bN0!kiCn~R0>
375,Bennett,Staries,7/13/1957,67,Philippines,,Santa Cruz,nQ9_Wd7|v
376,Frazer,Slott,4/15/2002,22,Indonesia,,Jungutbatu Kaja Dua,oU5%`eZ}XUpX
377,Jennifer,Toy,8/25/1978,46,China,,Wenwuba,"sJ0,\0`,"
378,Aurilia,Sargison,1/27/1971,53,China,,Lixin,qB5%*'5*9_
379,Garry,Insull,6/18/2000,24,Indonesia,,Semarang,eU4|ftd'k=t4
380,Raine,Swaine,8/15/1992,32,United States,Wisconsin,Milwaukee,iC9.##La}
381,Ivett,Sivewright,7/20/1957,67,Croatia,,Zlatar,jA6=+3%b
382,Cobb,Gumby,3/8/1960,64,Russia,,Pokrovka,xO9(=P`qs$9yeZ
383,Virgie,St Angel,11/7/1965,59,Philippines,,Salingogan,oH2$pus2
384,Rodolfo,Knevet,8/20/1982,42,China,,Mi’ersi,tV2!D/>u
385,Rebbecca,Beecheno,2/9/1980,44,Peru,,Huambalpa,lK2+jZ+13l~*
386,Violetta,Cattini,1/5/1978,46,Albania,,Rrasa e Sipërme,bC0.$8}hx)E
387,Nappie,Farrer,8/7/1968,56,Indonesia,,Kujung,cY2@drT2>QZ
388,Shepherd,Cadge,8/13/1990,34,Brazil,,Cabreúva,cG5_WcrR0
389,Hinda,Jolley,4/19/1991,33,Indonesia,,Kemiri,mU9#%?KI?j6h*>2X
390,Sharon,Yallowley,4/21/1984,40,Philippines,,Balugo,"wW9>hV\=Th3&,O"
391,Shelia,Dubose,10/8/1965,59,Japan,,Gotemba,xI4?=Sf|BW+
392,Tommie,Kassel,5/20/1974,50,French Polynesia,,Faaa,"rP0%wEitQokk,#"
393,Felipa,Thorsen,5/15/1992,32,Poland,,Mielec,"zF7<!a""kuP&"
394,Ashlan,Garahan,2/17/1974,50,Portugal,Porto,Agrela,dX0{yul0|
395,Stephani,Houtby,6/11/1975,49,China,,Damiao,nE0.uBr+Ou9w$d
396,Sarge,Linney,7/11/1972,52,Japan,,Fukushima-shi,"nX6""e0A&q0(>g"
397,Elisabetta,Taylder,2/10/1996,28,China,,Hancheng,"zO3,|~bz"
398,Ethelred,Jost,7/4/1998,26,Curacao,,Newport,cZ2(|n*J%ISS*jck
399,Diarmid,Starford,10/4/1985,39,Russia,,Kotlovka,yE9}H!Or8{+!
400,Gennifer,Doutch,5/5/1976,48,France,Île-de-France,Nanterre,tD0<17@zL2KI6+Dj
401,Ingaberg,Iacovelli,3/13/1982,42,Canada,British Columbia,Burns Lake,"jV6""XgCh+g#C/"
402,Judy,McWhirter,12/24/1994,30,Indonesia,,Ayotupas,fU9+{5~4G~5zds
403,Germain,Spadotto,5/13/1971,53,France,Provence-Alpes-Côte d'Azur,La Valette-du-Var,tE7)fSYpzT.Xk_
404,Nanine,Taber,1/7/1956,68,Poland,,Psary,iL0$MZHnmxnx/E
405,Ruby,Farnworth,1/27/1962,62,Thailand,,Tak,"qF3.n@Ps#oya'&,"
406,Jerad,Bointon,4/3/1959,65,Nigeria,,Gamawa,rH4(Z5L~h9QH#O1z
407,Dusty,Benfell,7/26/1989,35,Kazakhstan,,Merke,pW0%F2VJjlj
408,Hedvige,Poluzzi,9/4/1973,51,Portugal,Lisboa,Almoínhas Velhas,jJ4`5C7tIbc
409,Brnaby,Foskett,3/10/1969,55,Mexico,Chiapas,Benito Juarez,zZ8$e!O9
410,Herculie,Deegan,6/14/1977,47,United Kingdom,England,Walton,fX4*RyYsE
411,Shelton,Pordall,8/22/1986,38,Tanzania,,Maswa,qX2&z07HRv`)
412,Sibby,Ottery,5/9/1987,37,Canada,Alberta,Airdrie,sU9~Levf{t(Z6
413,Darda,McQuie,12/30/1964,60,Indonesia,,Citeureup,wD6)<je!8
414,Linoel,Saffran,3/1/1977,47,Bangladesh,,Sylhet,sI9<d<nbL_
415,Englebert,Calafato,10/28/1974,50,Indonesia,,Cipinang,fD5.QU>gTT/P`
416,Gale,Coombe,12/19/1970,54,Portugal,Porto,Aldeias de Cima,qM4`uKj#6Wpx
417,Agnesse,Eliyahu,9/8/1993,31,Indonesia,,Tugu,eO8@{H'8TfcFHLh
418,Rebecka,Cumming,10/15/1981,43,China,,Xiawuqi,hG4?xsE+
419,Esme,Wagon,6/21/1978,46,Indonesia,,Siderejo,"cC9,muRZEo"
420,Elora,Atyeo,6/8/1959,65,China,,Puzi,"lB8\p@}W""6>0=>"
421,Jacques,Jowsey,10/7/1970,54,Brazil,,Itapagé,oE8<uJZzI
422,Chiquia,Norbury,7/5/1970,54,Russia,,Romanovo,kC8(0rrFYqp+ArdM
423,Elijah,Lackmann,10/29/1978,46,China,,Guanting,iM0@dpLP1jOv`H(O
424,Shannen,Brandin,2/6/1973,51,Czech Republic,,Zlín,"kO8.+q1?+,9Q~AO?"
425,Lorne,Dibling,6/7/1994,30,Macedonia,,Крушево,dC9!W9hmIm}=
426,Sadye,Ibotson,5/6/1971,53,China,,Pingyang,kQ4\3AI=fyjU<j
427,Elke,Goldsworthy,3/19/1971,53,Azerbaijan,,Maştağa,nX0%wmc}+EUr9'r
428,Veda,Prothero,11/2/1989,35,Indonesia,,Sananrejo,"dL4,IXsgD&.A"
429,Frazer,O'Griffin,11/3/1981,43,North Korea,,Chunghwa,"cV7{p*P""DN09"
430,Vin,MacAlroy,4/12/1958,66,Portugal,Braga,São Torcato,fT4{&B2HpgLmx}#
431,Marie-ann,Maine,7/17/1997,27,Palestinian Territory,,Kufayrit,oQ3/'T=)
432,Debora,Prout,9/14/1993,31,Poland,,Zambrów,"vU2""QN9E9E"
433,Traver,Skey,5/24/1963,61,China,,Baiba,"dV2*h7kAH,e8"
434,Marlin,Izkovici,10/27/1958,66,China,,Xinjiezhen,oV0?1YQ~k/bH4YAA
435,Dee,Rantoull,2/23/1979,45,Indonesia,,Sumuranyar,lK6+QWPS~rL40C
436,Jaquelin,Dast,10/2/1974,50,Indonesia,,Babakankalong,oP5\x={BuN
437,Gratia,Turrell,7/15/1986,38,Indonesia,,Waru,kZ0\'|*8#
438,Dallas,Chatelet,11/16/1998,26,United States,Utah,Salt Lake City,zP4}3/#QpZWk`.GR
439,Nerte,Bonhan,1/3/1982,42,Russia,,Bessonovka,wE8$S1Ej.Wi&3L@
440,Ailee,MacInnes,9/23/1956,68,Thailand,,Tha Maka,rX9~mPT`
441,Aleen,Meadmore,4/16/1997,27,Philippines,,Tabalong,"hT8()Q""!"
442,Alex,Ricco,3/14/1957,67,Azerbaijan,,Qırmızı Samux,dB8*{R0C
443,Carmelina,Leys,1/16/1979,45,Russia,,Tbilisskaya,fA7##ucX>
444,Chickie,Maffione,1/13/1970,54,Indonesia,,Kebon,"uS5_pwS"")0lvGbt"
445,Tobey,Edgett,4/19/1982,42,North Korea,,Najin,nU0%o6M{lH#
446,Gannie,Grumbridge,6/6/1994,30,Indonesia,,Cikembar,dY9|x#CeT
447,Geraldine,Pett,8/4/1994,30,China,,Souziqiu,uY4(q44JbO
448,Brandea,Stoving,12/29/2000,24,Vietnam,,Kỳ Anh,xF5=f\B%Q
449,Libbie,Point,3/6/1997,27,Philippines,,San Vicente,"vL2>|*"")5W5W"
450,Meggy,Fermor,5/5/1977,47,Indonesia,,Wadung,lT5}&io%
451,Lonnie,Bickerton,8/7/1976,48,Mexico,Veracruz Llave,Benito Juarez,gY1@T_5/b%'+i\Q
452,Hillard,Rathmell,9/12/1993,31,Portugal,Leiria,Casais Baleal,dE2&IoN?s0Y+\Qex
453,Alexandros,Scatcher,5/16/1965,59,Russia,,Sigayevo,qW9?LXzb
454,Juliana,Richemond,7/27/1978,46,Mexico,Veracruz Llave,El Mirador,yE1??@myT8wv
455,Kenneth,Godding,2/6/2002,22,Belize,,Belmopan,pH3!rjeuG(JDtrvO
456,Nikolaos,Baldini,12/19/1974,50,Latvia,,Dagda,xJ6.'C(x|lG{5U$_
457,Piggy,Johanning,7/3/1979,45,Colombia,,Puerres,xN2|qud~m*8*z~R
458,Elle,MacGinney,4/7/1976,48,Turks and Caicos Islands,,Cockburn Town,eQ6>i2ueZsy09_
459,Worthington,Pahlsson,2/1/1956,68,China,,Chengkan,sT0'unB#U
460,Seth,Matus,5/22/1999,25,China,,Huayuan,tC3%VxMO1.=6+!3U
461,Orin,Phin,11/16/1983,41,Russia,,Ust’-Dzheguta,nT9(C/W_4
462,Gerladina,Sherebrook,8/4/1996,28,Indonesia,,Prupuh,iA1/uS)G
463,Fax,Dalyiel,5/9/2003,21,Portugal,Coimbra,Ribeira,gA6`FFj/zA#D\
464,Lilian,Dussy,3/17/1995,29,Nepal,,Bhadrapur,xM4/{@c*#6fO
465,Meade,Dreschler,12/31/1982,42,China,,Xiaoling,iB7+JyI%*P{~Fx
466,Felizio,Gramer,6/19/1960,64,Norway,Vestfold,Horten,lP2<IFi!AOvjv
467,Jessalyn,Bellas,3/30/1975,49,Philippines,,Tungao,tD8+W*Qv8j
468,Nathanael,Capon,1/26/1970,54,Canada,British Columbia,Abbotsford,"kS4>epT""JI0n"
469,Baxy,Ruilton,2/2/1991,33,Brazil,,Palmas,mH1<9T1f_eo4n
470,Broddie,Debrick,9/11/1958,66,Colombia,,Orocué,"tO8{""58$/=JtJO+("
471,Oates,Bridden,6/16/1958,66,China,,Tonghong,mW8'c>>fHWLFSV
472,Richardo,O'Donohue,1/7/1959,65,Brazil,,Sarandi,"eI6""nX}\6"
473,Lorettalorna,Tanner,11/2/2000,24,Dominican Republic,,Bánica,"oW2""$=x("
474,Rafael,McKeefry,11/2/1997,27,Indonesia,,Karangtengah Lor,yA5_Ufnr/Nv`l
475,Leeann,Spridgen,9/9/2001,23,Russia,,Chastyye,lO9+lQ\#t%y{
476,Concordia,Austen,8/21/1959,65,Brazil,,Brejo da Madre de Deus,iS5$k7dEwM\
477,Melodee,Follit,5/26/1960,64,Indonesia,,Benger,qV5@t4P.cD
478,Melessa,Sobey,4/17/1999,25,Greece,,Koutsopódi,kC2&!L`E7q
479,Jolynn,Bampton,5/21/1959,65,China,,Geyuan,"dV4$c62zk1$,fA7i"
480,Leola,Rumming,5/29/1960,64,China,,Magong,eJ1'{aCX
481,Erina,Shernock,4/19/1993,31,Portugal,Leiria,Segodim,"uB8,UXaC(j"
482,Chrotoem,Larham,4/29/1977,47,Kazakhstan,,Kokshetau,dC9?WluPK+D
483,Lucio,McKeeman,10/5/2001,23,Philippines,,Aglalana,eR0$L<j4
484,Armand,Mussetti,2/3/1959,65,China,,Jubaoshan,aX6?V>{ht)Q*@)
485,Marillin,Degoe,9/18/1963,61,China,,Jinping,sR4/L1\smN7Y~
486,Mabelle,Adamthwaite,5/20/1971,53,China,,Huxi,eC0?`(U/Q#lm=
487,Baryram,Shipcott,12/7/1958,66,Poland,,Fajsławice,nK7?Wekn
488,Madeleine,Kelling,11/15/1970,54,Indonesia,,Jatipamor,fL0#n<6{$
489,Mackenzie,Elce,7/27/1974,50,Russia,,Katyr-Yurt,"sP4""MNXeEt"
490,Gretchen,Aggott,1/26/1991,33,China,,Baicaogou,cU0%Q_W/'
491,Winni,Dabell,2/8/2001,23,China,,Xindong,gS3#4dU?=mZ
492,Bunni,Caplen,3/5/1979,45,Finland,,Renko,oY2+L3RyM
493,Jareb,Mottinelli,9/7/1998,26,United States,Colorado,Denver,xO8)4vr*90a(
494,Candie,Breckenridge,1/3/1955,69,Armenia,,Amberd,tX6+*rLz{
495,Austen,Titmuss,12/21/1990,34,China,,Binhailu,gB7>zx{yE
496,Cirilo,Challenor,4/29/1971,53,Czech Republic,,Dolní Bečva,"vW2""fa@wg"
497,Almira,Kilmary,7/17/1995,29,Sweden,Stockholm,Stockholm,zV3/X?WeilWPK'|
498,Charmain,Happert,8/5/1985,39,Indonesia,,Tanjung Palas,dT7'5bqj*
499,Jose,Trickett,8/29/1999,25,Uganda,,Kibingo,zR5(\4`{f)
500,Carey,Popescu,5/14/1983,41,Russia,,Sulak,jE3+_qyQ7S?)CH
501,Hamil,Sedgemond,1/16/1961,63,China,,Shilin,cX7*0JF~yknJ0DO
502,Colette,Wharfe,3/17/1991,33,China,,Yangjiao,uP7%#'E)V4Ck
503,Brod,Offell,4/29/1955,69,Mexico,Chiapas,Alvaro Obregon,zO2}s`lUO(w|.
504,Reina,Cluelow,1/30/1992,32,China,,Shuitai,"pI7}B4#""X=.e\5DN"
505,Murdoch,Wilcocks,8/8/1992,32,China,,Jiucaizhuang,uI6/>.A)Q$bXI
506,Hank,Cansfield,10/5/1959,65,China,,Baisha,fC3.O2x_m>2
507,Ketti,Fearon,5/19/2004,20,United States,Colorado,Denver,"yP4>rb0A1!Z,_"
508,Paxon,Matthessen,2/10/1996,28,China,,Shuizhai,"qM7,Ef~id}@(="
509,Frasier,Escreet,12/28/1968,56,Japan,,Youkaichi,"cA2{7j@vv"""
510,Prudence,McPhater,5/19/1977,47,Cocos Islands,,West Island,tV1$qVBF@z
511,Sigfried,Snaith,6/16/1969,55,China,,Rongmei,iK5.%w!YSz
512,Alli,Millom,12/9/1963,61,Brazil,,Formosa do Rio Preto,"kX3(TFJ,U"
513,Xerxes,Biset,12/9/1959,65,Yemen,,Al Mukallā,zY0#F#`5aWbkuz
514,Addy,Cosgrive,6/8/1982,42,Colombia,,Túquerres,iU5(Eqzn1AF%(9+}
515,Pascal,Chester,4/21/1989,35,Poland,,Dębno,"sA5""8YKB"
516,Andrea,Esom,11/29/1970,54,Philippines,,Magay,"yR2?$r/|P,yyr"
517,Bernardina,Grewer,5/22/1995,29,Brazil,,Pirapozinho,dZ9{gNWm`&.(5G
518,Tommy,Timbs,7/28/1995,29,Armenia,,Tsaghkahovit,vG7{}/Qu
519,Esdras,Herrero,5/22/1977,47,France,Languedoc-Roussillon,Perpignan,eW7(GzUd
520,Mabelle,Snalum,3/30/1978,46,Indonesia,,Bader,dV6#h1y52
521,Egan,Tunnick,4/25/1957,67,Portugal,Braga,Vilar do Monte,"oJ3|3#C,?/V1"
522,Jillian,Quincey,10/11/1982,42,Indonesia,,Oehaunu,gE4{C8HJ>@zqb
523,Jerald,Barkas,10/12/1995,29,Indonesia,,Paupanda Bawah,hJ6_ytX'4W)Z\}1
524,Kristofer,Dadson,12/31/1958,66,China,,Jinglongqiao,qF2?p5kw\?g@\c
525,Ricky,MacDowal,5/4/1978,46,Ghana,,Prestea,sF9@0||$n8)G~9X
526,Rutger,Musslewhite,5/12/1985,39,Portugal,Viseu,Lapa do Lobo,oR4+gaLs'bc4Cp
527,Teresita,Livens,3/31/1963,61,Venezuela,,Las Tejerías,"gE0.&,H'KLGKTI"
528,Janey,Gotmann,7/30/1976,48,Sweden,Jönköping,Nässjö,jT7}S2$Vnn7N@5ZU
529,Lesly,Tuffey,12/14/1963,61,Indonesia,,Muarasiau,dZ9{%&yp`O
530,Merilyn,Habbeshaw,3/16/1994,30,China,,Sunjia Buzi,eK6$0%mMi
531,Adoree,Peedell,12/17/1992,32,Argentina,,Mattaldi,mV7(c2oLi7O+82s
532,Jelene,Gaywood,12/4/1960,64,Ecuador,,Samborondón,"rK2>et(,IJdr}/"
533,Rosetta,Broun,3/5/1980,44,Finland,,Ruokolahti,"iT5@5~~JT?,w8"
534,Dorena,Halloway,3/12/1967,57,China,,Tuanjie,"eI6""ssetN4"
535,Clea,Dyson,11/2/1984,40,Albania,,Steblevë,yW2/TKG.?kW<D)g
536,Ginnie,Slide,2/16/1995,29,China,,Jingmen,rO1|02?.`dS/
537,Cy,Girsch,5/12/1963,61,Kenya,,Narok,dD2+pR+cD
538,Brandtr,Jellman,3/7/1965,59,Czech Republic,,Nivnice,cU6@LPVNCrYG'{Q
539,Nicki,Annott,11/14/1988,36,China,,Shanghe,rH6|l.oePz
540,Gardiner,Schruyers,11/1/1995,29,Philippines,,Luksuhin,sI9(/tntpQT=B
541,Pru,MacQuaker,12/15/1968,56,France,Aquitaine,Pau,hY0}0eq*8!Hu
542,Bartlett,Littlefield,1/5/1968,56,Indonesia,,Ciloa,lI8%'t9}@Gt
543,Pooh,Deavin,12/18/1957,67,Venezuela,,Ciudad Bolivia,"bY4>u,Jm"
544,Natka,Spikeings,5/5/1986,38,South Korea,,Moppo,bG7}(dc?73m|S6
545,Nikkie,Durgan,9/27/1970,54,Argentina,,Monte Caseros,"bR2+1Z),NMAWkg.j"
546,Gaylor,Ravenscroftt,11/16/1957,67,China,,Shanghudi,uH6'goIimaUA95
547,Zola,Morsey,8/13/1986,38,Brazil,,Sarzedo,lZ4%P+/FwD
548,Reginald,Shuker,5/2/1987,37,United States,Washington,Tacoma,hF9?*YeMf#30
549,Jarrad,Godrich,11/8/1971,53,Philippines,,Manat,oO0{D&jBWzx)XO*M
550,Angelo,Cherrett,11/19/1994,30,Poland,,Gościeradów,dS0~o.dFs3H
551,Anya,Yedy,11/7/1956,68,Malaysia,Sabah,Sandakan,tS3{o%ZqCTf}9!G/
552,Clevie,Caddell,10/21/1978,46,China,,Changpu,wP1#gluiOYg
553,Stefano,Piers,11/27/1970,54,Palau,,Koror,dF3/NdBsH6pai<
554,Abner,Strivens,1/14/1958,66,China,,Zhongba,uI9)~hBY<
555,Lance,Laidel,10/24/1996,28,Indonesia,,Malabar,aZ0&@I=+<O<
556,Friedrick,Hamberston,4/25/1988,36,France,Île-de-France,Montreuil,mZ3<4'p7
557,Brittany,Wrack,12/5/1973,51,Indonesia,,Pasirpanjang,aC1?T+boE/gG
558,Ricardo,Gronaver,10/12/1995,29,China,,Xiaolong,hC5>yFXK
559,Corbie,Lambie,3/28/1963,61,Sweden,Södermanland,Katrineholm,hZ8*!qpXOzraXx
560,Lee,Cardoe,2/16/1997,27,United States,Florida,Orlando,mZ9<(fX%`
561,Oralie,Loosely,10/7/1974,50,United States,District of Columbia,Washington,xW7?t/RH
562,Carly,Ebanks,8/31/1987,37,Barbados,,Four Cross Roads,jH3}hQ0O
563,Melonie,Perceval,7/29/1962,62,Indonesia,,Osapsio,"vQ1,?XFg"
564,Bibi,Leile,9/7/1970,54,Peru,,Ñuñoa,"vE1"".sowuF\dc@="
565,Adham,Beldum,10/30/1960,64,Indonesia,,Pasirreungit,iD8*/{p92pk{Mf
566,Gelya,Lacase,3/18/1971,53,Indonesia,,Cisalak,"uU4/vkAC|W,"
567,Roze,Louis,6/16/1995,29,Brazil,,Campos Novos,eZ3_/n(S?T3K
568,Jasmina,Arkill,12/15/1989,35,Peru,,San Marcos,"lV3.jVU,|Eb@1/"
569,Wittie,Warrener,7/8/1956,68,Serbia,,Novi Slankamen,"qV0""xyD3("
570,Antonin,Fentem,1/13/1968,56,United States,Florida,Pompano Beach,cG6&w0J+U>iG{80
571,Bianca,Gavozzi,5/30/1991,33,Poland,,Zielona Góra,dO3.AFq=On
572,Haley,Wane,6/21/1964,60,Finland,,Kiikala,yO8/.eH|z20V
573,Orella,Ganley,11/8/1991,33,Czech Republic,,Bartošovice,"lW3_?CP,vm7leR"
574,Harriet,Durram,4/7/1986,38,Vietnam,,Tân Việt,wP7|.6N#v
575,Korella,Mulryan,5/30/2004,20,Indonesia,,Pawitan,"bJ1*kB8'WD,f\"
576,Nestor,Fullun,11/28/1964,60,Burundi,,Ruyigi,"oR8!bt0""2z3"
577,Valida,Bullard,10/28/2000,24,Guatemala,,Joyabaj,rC3/O1u@
578,Isahella,Twine,9/28/1997,27,Greece,,Pélla,sG1`B|oa<T5
579,Addi,Yurinov,10/14/1978,46,Russia,,Pokrov,"aZ0=#kuY2u""AaAG"
580,Judye,Naden,5/21/1958,66,Russia,,Krasnaya Polyana,gY3>DExsUsW0x.
581,Anestassia,Keyho,11/19/1992,32,Ukraine,,Milove,mD9'Lk\hYW$
582,Molli,Southam,12/12/1983,41,Nigeria,,Omoku,aD7<CIv)`<%g{bsz
583,Doris,Pedlingham,8/28/1992,32,Croatia,,Otok,dR3#pBYM}D
584,Dan,Kleinpeltz,5/9/1963,61,Pakistan,,Shorko,mZ2<I`5uh>&!`.
585,Allis,Burke,3/9/1971,53,Philippines,,San Francisco,gK1@ZCeju1GQ
586,Rasla,Daspar,12/31/1983,41,Mongolia,,Bayan-Ovoo,uP7`NVTihXXP7Z
587,Cassius,Grabban,5/7/1979,45,Brazil,,Pôsto Fiscal Rolim de Moura,xO8}+w)S
588,Hertha,Milton-White,3/17/1984,40,Philippines,,Siay,lE7~#5MXpKI\u*
589,Rem,Kubasiewicz,3/25/1956,68,China,,Hongsi,fU5`h}Zz>
590,Kristin,Fealey,6/17/1975,49,Philippines,,Carmen,fB1(e6$0VSb
591,Sisile,Dredge,4/28/1995,29,China,,Fujia,"dJ7""h}u`N?XMghWr"
592,Nadeen,Massingberd,8/7/1964,60,Cambodia,,Kampong Thom,dW7'WFGaWU!JRUb
593,Ag,Kisting,4/13/1959,65,United States,Texas,Austin,jA1&PSvv(4P&+a
594,Andrea,Chaldecott,10/24/2001,23,Philippines,,Communal,uG9`YJQUBy
595,Marieann,Auger,9/25/1985,39,Democratic Republic of the Congo,,Kasongo,"oY7""@soHy+5""4pM"
596,Lamar,Tutchings,4/2/1975,49,Brazil,,Itajuípe,vZ9@bp<K
597,Harlene,De Domenici,12/17/1961,63,Ukraine,,Lityn,zB6@.HI0B
598,Shena,Caunter,10/10/1963,61,Indonesia,,Krajan Siki,nH3!5YmOPP/
599,Broddie,Kroon,2/28/1998,26,French Polynesia,,Fare,pZ1!v1{)
600,Rene,Gwillym,4/28/1982,42,United States,Alabama,Montgomery,"yE0/Gsl,8w"
601,Robinet,Yushin,3/30/2001,23,Poland,,Giedlarowa,"dK4>,vjs4D"
602,Annie,McCloy,1/9/1959,65,Mexico,Tamaulipas,Los Pinos,eC6|n8ErFJsr
603,Jillane,Dickerline,9/9/1997,27,Myanmar,,Lashio,pO8)nd}.
604,Marietta,Mulrooney,1/12/2000,24,China,,Xinye,"sB1<.6bU,8tg"
605,Emilio,Caukill,9/26/1968,56,China,,Longchi,dZ3\zUpi1
606,Mikol,Wilcock,11/9/1992,32,Croatia,,Omiš,jD8|4k{=QJx#RwF)
607,Thelma,Paike,3/7/1995,29,Czech Republic,,Rájec-Jestřebí,rN8\kKX_!t
608,Yvette,Haney`,8/14/1966,58,Namibia,,Okakarara,bD8>RE7F0Zrt_MTK
609,Carley,Borrett,4/22/2002,22,China,,Xiadian,nU5+tts.un4
610,Collin,Marchment,4/12/2002,22,United States,New York,New York City,kR1#MaGnCK`TOM
611,Kaine,Goane,3/19/1967,57,Macedonia,,Крива Паланка,hS8+&OFx7?#3
612,Ardath,Nore,11/20/1974,50,Brazil,,Simões Filho,xD3`JIoFaj9
613,Sanford,Wychard,1/7/1958,66,China,,Kaoshan,qW4~Cky1nuM<Q#\
614,Wilfred,Purkis,7/10/1968,56,China,,Yanjiang,oL7!_s/sV}OyWJE
615,Clair,Gianullo,4/16/2001,23,Japan,,Yugawara,qH5=NN'}8}Mf'vm
616,Pinchas,Macon,10/31/1963,61,Sweden,Södermanland,Trosa,gY1~!<I%D1w_r68
617,Guillermo,DeSousa,11/30/1995,29,Venezuela,,La Unión,tW8*1I2'G'{
618,Alessandra,Magner,4/8/1982,42,Russia,,Vykhino-Zhulebino,eE9<xC}c
619,Freddie,Ovington,5/13/2001,23,Russia,,Kvartsitnyy,iV9)#e{Rc?bGZ
620,Remus,Feaster,4/3/1996,28,Indonesia,,Dalam,yU3=jhK~1_xcbE@i
621,Walliw,Dutch,9/20/1955,69,Canada,Saskatchewan,Kerrobert,wL1{|''F`ePPbXa`
622,Lilla,Aveson,4/16/1969,55,Belarus,,Uzda,"pN5=o4Gt|J""/iH4y"
623,Hillel,Poncet,10/20/1982,42,Colombia,,Fundación,kG0!3b3%~g
624,Shay,Brydon,5/4/1979,45,China,,Chenjiahe,dK9)2b0!5.xgM
625,Deena,Chiverstone,4/14/1984,40,Croatia,,Vojnić,"dK4""'pr>6i/XT"
626,Zachery,Prangnell,4/1/1963,61,France,Rhône-Alpes,Le Chambon-Feugerolles,"eC0<Xn>j,m4#6"
627,Sloan,Twiddell,2/15/1973,51,Russia,,Onguday,oM6.5.O4V22k
628,Ignace,Kermon,12/28/1996,28,China,,Daitou,dW2\)augb
629,Miran,Budcock,9/26/1993,31,Russia,,Medvedok,"jM4?3,J0"
630,Rosalinde,Di Giacomo,5/4/1968,56,China,,Toupi,zB0}Og.gm3=i
631,Averil,Kermannes,4/14/1994,30,Saint Vincent and the Grenadines,,Port Elizabeth,"jU0""PQP+<W"
632,Danna,Burston,10/4/1960,64,Brazil,,Goiatuba,"dH8""<0L)H1U4E"
633,Danyelle,Scobbie,8/2/1984,40,Nigeria,,Gaya,uG3_.*2C
634,Catha,Vaudre,8/2/1956,68,Brazil,,Santa Cruz do Sul,gF2$J}95L
635,Coleman,Downham,1/13/1984,40,Philippines,,San Pablo,"kC3|tR,g$"
636,Correy,Jaffra,12/18/1975,49,China,,Shuangxing,sI6#x$7l
637,Marcille,Baudrey,8/26/1980,44,Peru,,Huamali,iU8)u/0f~$Lf6?EP
638,Adeline,MacInherney,5/2/2003,21,Estonia,,Paldiski,"sH9{CcD""sPff_SA~"
639,Bettine,Barensen,12/6/1998,26,Indonesia,,Condong,"lG2#&""LrKTc"
640,Stephenie,Nutkins,11/7/1983,41,Canada,Ontario,Kapuskasing,jE7@aH<8F~s02'D
641,Erminie,Iacovazzi,4/11/2004,20,China,,Datong,xN4){$L+&c
642,Filippa,Crangle,2/23/1961,63,Indonesia,,Putrajawa,yU2.o4amYAAg
643,Corty,Rolingson,7/6/1967,57,Brazil,,Ilha Solteira,uK1=DAngZK|uU
644,Windy,Binning,2/25/1978,46,China,,Qinnan,gJ0?hiHb5n>
645,Jonathan,Peacop,7/1/1956,68,Philippines,,Doljo,dI3%INB<z\(e1r3
646,Irena,Kluge,3/7/1989,35,Egypt,,Fuwah,tL5*W$*Ql1)iG$
647,Harrison,Galway,9/1/1980,44,Indonesia,,Bulumulyo,"tY7)/2f0<,"
648,Devondra,Meaddowcroft,8/23/1971,53,Indonesia,,Babakanjaya,"hT7,B/iRY5`e"
649,Lorianna,Holehouse,9/28/1969,55,Kosovo,,Strellc i Epërm,"uC3$E""(HZnW*3"
650,Ardra,Segge,6/25/2002,22,South Africa,,Izingolweni,kQ0@obSr
651,Louisa,Gutans,4/12/1968,56,Norway,Oslo,Oslo,yH8*9w_X9!0p
652,Nickey,Maddicks,1/10/1981,43,China,,Shayuan,nP6/<.|C
653,Breena,Dalgliesh,5/26/1965,59,France,Île-de-France,Saint-Quentin-en-Yvelines,"pW4_zG""W{e5O,s"
654,Marjy,Dy,3/11/1960,64,Portugal,Aveiro,Vessada,hM4&kM!UI
655,Hube,Eake,12/24/1966,58,Russia,,Tashanta,rS6_`HrW
656,Raddie,Kasting,11/15/1990,34,China,,Shensuo,"hN7~dF/""$0~3!g"
657,Hortense,Hargreave,6/28/1990,34,Honduras,,Marcala,kL7!}g|#
658,Bryn,Pringley,1/13/1965,59,Philippines,,Sebu,"mK9<10i,$49$"
659,Silvia,Winspur,9/12/1985,39,China,,Zhishan,wM4\z!K7JuK_)tM
660,Quillan,Petrik,12/28/1989,35,United States,New York,Albany,"oH2,+l*yq2=KC("
661,Irwin,Coggell,10/29/1974,50,China,,Taiping,gA2|w%_q
662,Deane,Howlings,3/28/1974,50,Guinea,,Beyla,wO1%8&x5ohIm~a2
663,Kendricks,Bambrugh,12/29/1961,63,China,,Daxing,sZ1<bi73_s_w(
664,Edgardo,Lorden,7/19/1988,36,Indonesia,,Pakalongan,kV8!Vb.eS
665,Mercedes,Ferrarello,11/7/1980,44,Democratic Republic of the Congo,,Lodja,yH7*OCug(%Y38Y`
666,Colene,Farady,5/14/1978,46,Iran,,Tīrān,"sE2""+!',"
667,Red,Broggio,7/8/1970,54,Russia,,Krasnogorskiy,bZ9|o(r(
668,Joana,Aleksandrev,7/10/1995,29,Colombia,,Angostura,uM8}8i)Nyoi3
669,Paco,Dyson,3/21/1961,63,China,,Baiheshan,xE4)9>rCwjsn/
670,Minnaminnie,Veltmann,9/20/1998,26,Saint Vincent and the Grenadines,,Byera Village,pF0{@NfiCr
671,Tomi,Wolfarth,1/21/1974,50,Nepal,,Dailekh,fK4~b=fK)f~C'9
672,Nels,Fyfe,4/8/1961,63,Indonesia,,Ciherang,qN2%m5wgi&ZfTb
673,Margi,Elner,12/29/1986,38,Russia,,Glyadyanskoye,fN4`0JrZdakhF3
674,Sebastiano,Canete,10/10/1962,62,Poland,,Kup,"cB8,Y1{2mKt"
675,Jeramie,Vile,6/19/1966,58,Philippines,,Bayawan,tY1\&'0)/\JdM
676,Asher,Tongue,8/11/1994,30,Belarus,,Radashkovichy,aG5+T1UL{@Wg
677,Skye,Shakespear,4/26/1983,41,Poland,,Końskowola,tI7/I1$Ll=q`17
678,Kaspar,Pick,2/23/1973,51,Afghanistan,,Wuṯahpūr,iG5$|'w?vLpy6
679,Anna-maria,Ormrod,5/4/1968,56,Peru,,Quillabamba,dO1'p4LLcLF
680,Mariellen,Wyatt,3/28/1975,49,Russia,,Pushkino,"xP4,zF38'dW"
681,Rona,Biasotti,3/7/1983,41,Brazil,,Jaguaribe,jS5?s9yp.S|I$tpp
682,Saxon,Berryman,11/3/1975,49,Russia,,Ust’-Kut,sS4|tb4*cl6{
683,Steffi,Greenhall,11/21/1969,55,China,,Dongqu,rA2&!HUxWwPLtO
684,Holmes,Liddell,4/2/1990,34,Oman,,Barkā’,wA7.h/j!7\zpsb(
685,Lavena,Mersh,9/29/1998,26,China,,Menghe,"gF4""NsQ}w"
686,Magdalen,Doidge,9/9/1970,54,Mexico,Chiapas,Guadalupe,mP9#o2W(gEp.>10
687,Christoforo,Andrivel,5/16/1995,29,United States,Louisiana,New Orleans,bC0\*+GJ
688,Eileen,Elix,7/27/1972,52,Vietnam,,La Gi,"bA3""|I#hi4J?Ou"
689,Kip,Adds,6/13/1963,61,Philippines,,Upper San Mateo,xY9\jG5{Ak#cAi
690,Christye,Ceeley,7/18/1994,30,Portugal,Lisboa,Mem Martins,kC1+7C+/MLBT
691,Pauly,Dwelling,6/25/1963,61,Comoros,,Chironkamba,nJ5_G{i(.xJ2eyt
692,Moll,Demaine,5/8/2004,20,Portugal,Braga,Penelas,gQ5=`Uwhhs
693,Carmela,Rattery,10/26/1993,31,Brazil,,Queimados,oP0.n@%U
694,Fritz,Surgison,2/4/2000,24,Panama,,Changuinola,gP9!o7BXb
695,Gustaf,Shawyer,6/13/1982,42,Albania,,Pojan,oD3/.wD!1(ySGue
696,Michaeline,Duffyn,1/23/1978,46,Philippines,,Pawa,bB7?ZCqdbvX
697,Talyah,Sarch,5/21/1968,56,Indonesia,,Sindanghayu,tR2(8do7LJa
698,Ulrick,Pasque,10/20/1992,32,Russia,,Abaza,yG1*B)fie
699,Salvador,Dooney,12/30/1968,56,South Africa,,Utrecht,jZ8=+np8_2NX
700,Michele,Blackden,11/23/1976,48,Indonesia,,Kolomanu,"iW3'`tE,P"">*o3Vj"
701,Rita,Hek,6/2/1985,39,France,Rhône-Alpes,Grenoble,lJ1(zNMUy=AK
702,Alden,Philips,2/28/2002,22,Philippines,,Titay,"hK4\hB,Y"
703,Alikee,Crocker,9/11/1981,43,Kiribati,,Ambo Village,fX8&~M=&}IMYEOh
704,Darcie,Jillis,2/16/1985,39,Bangladesh,,Chittagong,hS0=d%h2iIDo=sJ>
705,Tamqrah,Walhedd,7/19/1967,57,Vietnam,,A Yun Pa,tP3<yqnpSQs7{IH<
706,Javier,Lory,8/8/1986,38,Benin,,Porto-Novo,"hP4/KM0IQ>kZ""(X_"
707,Lilias,Bogays,3/15/2004,20,France,Languedoc-Roussillon,Lunel,iE8\qlnU
708,Basilius,Hurren,5/20/1984,40,Indonesia,,Cemara,fD3%>Vej
709,Olympia,Gosz,11/1/1974,50,Indonesia,,Donomulyo,bD9'xGM8'cGd}lZ4
710,Haily,Krugmann,9/8/1997,27,Ghana,,Konongo,qD2}7ItO$}.U|R*
711,Randell,Roglieri,5/29/1970,54,Philippines,,Liboran,eQ7?Mjfhgx@_go73
712,Myles,Klimmek,3/18/1991,33,Burkina Faso,,Kokologo,"wK6.M#G""Li#S|"
713,Linnet,Wyllt,8/30/1975,49,Guatemala,,Oratorio,dM3|eRwcNxW\
714,Phil,Parlet,3/18/1988,36,Russia,,Nizhniy Chir,xY7=mjl~6$}RwG
715,Sammie,Sikorski,6/14/1959,65,Canada,British Columbia,Smithers,"mQ1""CK3oU(8"
716,Shannon,Looks,10/4/1962,62,Brazil,,Atalaia,dT2*~QUf3Rr=
717,Aloin,Vell,4/27/1973,51,Tajikistan,,Orzu,hI2!q|sP
718,Boris,Lau,10/9/1978,46,Afghanistan,,Kai,zA8{Lam}
719,Pat,Astall,7/21/1968,56,Bulgaria,,Medovene,"bA6|Q""+${=shXSvn"
720,Edmund,Groom,10/4/1985,39,Japan,,Tendō,yJ9'zyc.IYgInGJ
721,Cherilyn,Shemilt,9/5/1998,26,Peru,,Carapo,"tE7,Lg,K1pYsr,"
722,Letti,Kilgallon,10/21/1954,70,Japan,,Sōja,oX6%J$2~ldl/
723,Nelie,Delmage,11/6/1984,40,Russia,,Usol’ye,yP7'{t1H
724,Winonah,Asher,11/11/2002,22,South Africa,,Utrecht,"dS5}!w""IV"
725,Cheslie,Garms,3/31/1990,34,China,,Gaosheng,kU4}DEd$%?fWLY'(
726,Ilse,Hayle,6/3/1996,28,Ukraine,,Oleksandriya,xA8/RniP3_
727,Gayel,Strete,1/12/1992,32,Russia,,Likhoy,lP6@K|eQa@TtK{XM
728,Alejandro,Osband,2/1/1958,66,Philippines,,Masarayao,zX2>K9H%h@<
729,Hubey,Emanuel,9/6/1961,63,Pakistan,,Warburton,tH0(3<)V
730,Clarabelle,Brame,7/25/1976,48,Ukraine,,Donetsk,tH7{g7{q32@4Ywmk
731,Dianne,Seage,9/23/2004,20,Indonesia,,Tuatuka,rG3$epC1iG/rO@x
732,Mayne,Garatty,1/24/1979,45,Russia,,Vysokovsk,mQ0\h.4<
733,Lucias,O'Scannill,6/30/1964,60,Russia,,Lesogorsk,kJ4/{bK9Kn/>#
734,Marwin,Andreopolos,10/4/1986,38,Armenia,,Shnogh,oX1)bU*h!j>I5
735,Reinald,Loomis,6/24/1984,40,China,,Jinxiang,"kO5""+6nF"
736,Say,Pinck,3/16/1992,32,Denmark,Region Hovedstaden,København,"xY9,h6d@~_=_Df"
737,Philis,Klimczak,2/6/1992,32,China,,Xiaojian,"aU6%""ND~xa2@u"
738,Gerik,Abbs,1/24/1997,27,China,,Longhua,lK9)08&Y@X!%
739,Fianna,Jovicevic,1/27/1977,47,Indonesia,,Ngembo,"fT9,9!TZt"
740,Virgilio,Gleasane,11/25/1987,37,South Africa,,Phuthaditjhaba,yX3\03Rx1~a$B
741,Imogene,Di Antonio,9/16/1963,61,China,,Xiushan,"oZ3}%""YK3?Mwhk"
742,Ogdan,Castagne,7/18/1980,44,Peru,,Llocllapampa,uJ2>L6%?015
743,Eachelle,Baxstar,1/26/2000,24,China,,Wuxi,fT7#Yn8591
744,Farica,Saldler,9/10/1969,55,New Caledonia,,Thio,iH0%xGno
745,Toby,Kaaskooper,8/29/1997,27,United States,Ohio,Toledo,"vV3=*""4Mz4*aT"
746,Giustina,Boote,8/7/1972,52,Indonesia,,Bobojong,iT0/IjAW&#S0X5_g
747,Lolly,Cleeve,10/25/1964,60,China,,Qianqiao,oD1#2!TANgF3L
748,Callean,Wetter,7/18/1967,57,Greece,,Megáli Khóra,sT4!|FL*vhkE1Q
749,Twila,Birtonshaw,1/29/1989,35,Thailand,,Krong Pi Nang,sR6@Zr\T*>IphR
750,Dede,Fulkes,3/21/1993,31,Taiwan,,Daxi,pN2{ts@wL\M=`Kbd
751,Marika,Gocher,12/24/1976,48,Brazil,,Quirinópolis,vJ5'`_j7(
752,Robinet,Lantaph,5/19/1962,62,Thailand,,Chanuman,qJ2?dkSA
753,Inger,Palumbo,10/1/1981,43,Portugal,Aveiro,São Mamede,gP2*9&i}
754,Earvin,Serck,4/2/1984,40,China,,Dawu,iH0%yLN+
755,Kipper,Dowgill,1/3/1967,57,South Africa,,Carletonville,gR0_(cjij
756,Rouvin,Enocksson,9/10/1997,27,Brazil,,Guaíba,iG2|)eX.
757,Frances,Becraft,8/21/1998,26,China,,Duotian,"bR7$1c>\sqx""|Y\"
758,Louise,Mingo,5/22/1985,39,Canada,Saskatchewan,Maple Creek,aC8|tyjm_Bh1Tb|
759,Rania,Romaynes,8/29/1977,47,Poland,,Tuchomie,zI9`okvtAJ
760,Angil,Elsom,10/22/1992,32,Indonesia,,Karangboyo,cT3#*Lz4672
761,Elane,Sebyer,2/23/1995,29,Portugal,Braga,Monte de Fralães,pM3$W1a'&R/mH
762,Garvin,Simeons,4/8/1959,65,Ireland,,Cavan,"hT5""{w){y6|l"
763,Haily,Thyer,3/22/2001,23,Mexico,Chiapas,El Mirador,pY4?qHV*!!I
764,Emery,Parman,8/30/1971,53,China,,Xianlin,uB1}U@vN>m4N8kN
765,Jeddy,Costain,9/16/1958,66,Tanzania,,Ndago,"oZ5""C/p9T,yD%e"
766,Wilden,Setch,9/25/1980,44,Croatia,,Jagodnjak,qI4@=So?U
767,Claudius,Shanks,1/4/1962,62,China,,Wadi,hI4{\7mt/R4i_nTG
768,Teresita,Proudlove,11/19/1986,38,Indonesia,,Cigaluh,jF8@Hnp~ZT
769,Emelia,Mechell,7/12/1970,54,Japan,,Takatsuki,pQ7(~hF6vwm3\Bq_
770,Peder,Garratt,7/21/1975,49,Indonesia,,Tongbang,"kJ4""aI}`)Z"
771,Rosalyn,Lapenna,9/27/1965,59,Indonesia,,Tanjungkerta,cY4=mgCW_/1sI.tn
772,Redford,Innes,8/9/2002,22,Finland,,Nastola,tZ3`iN!.+
773,Dotty,Lum,1/12/1984,40,Russia,,Saint Petersburg,uI4~jCY<i(Tylk
774,Jorge,Mitrikhin,3/12/1961,63,Nicaragua,,Chichigalpa,"dG7""""|vA5NpmO$"
775,Saree,Axtell,1/2/1980,44,China,,Nancheng,"bP3\V""fH\Uj3jx~t"
776,Salim,Boolsen,3/12/1973,51,Belarus,,Dokshytsy,uW3&f5qVw0&FWO
777,Neilla,Laherty,11/3/1967,57,Poland,,Czechowice-Dziedzice,dP4//8N5dV6j=
778,Loralee,Burdus,12/1/1954,70,United States,Nebraska,Omaha,xG4>e!%?7xZzC~X.
779,Guilbert,Boniface,11/11/1995,29,Indonesia,,Tireman Timur,cU4<?i#C@|
780,Milton,Burdett,10/18/1967,57,Indonesia,,Parenggan,hZ3~5lVW$
781,Merell,MacCoughan,11/21/1965,59,Philippines,,Quipot,dE6>S77ujbKl
782,Colver,Novic,3/8/1976,48,Indonesia,,Panyingkiran,zP6{?atL\UNx
783,Fredericka,Librey,4/4/1970,54,Poland,,Siedliska,fT1!J!$tk>W5P~r
784,Biddie,Sexti,11/4/1979,45,Czech Republic,,Holice,aL6_'S&*?<7zej
785,Karolina,Greenslade,9/30/1956,68,China,,Dahua,"lN0</%{6bOf1R,B"
786,Ugo,Atcherley,12/5/1992,32,China,,Gaoming,vD8/(g43
787,Oswell,Guyer,9/27/1996,28,Albania,,Frashër,kV0>xhf_D`
788,Alfie,Heeps,5/22/2001,23,Ecuador,,Cayambe,qA7}gBtZy9
789,Dian,Jiroudek,4/23/1997,27,China,,Xinzhai,yX7'Hs`>>7A
790,Goldina,Tarbatt,5/20/1961,63,China,,Futian,"jS2/2,VZA""1%f?,"
791,Caprice,de Guise,12/27/1958,66,France,Île-de-France,Paris La Défense,"zJ2/v0%q(""""K"""
792,Dalila,Kolin,5/10/1962,62,Greece,,Kinéta,qF5.gucG#~
793,Abdel,Clemes,3/29/1989,35,Denmark,Region Hovedstaden,København,zD9(buwb
794,Eleanora,Tomovic,12/3/1974,50,Russia,,Severobaykal’sk,bO3#}1%_VKr4M
795,Shandeigh,Garoghan,12/31/1972,52,Philippines,,Lalig,lM8${7E\81wE'g
796,Monty,Viner,12/8/1997,27,Slovenia,,Lokavec,gQ9|\4=haj$1
797,Althea,Bradforth,3/8/1971,53,Thailand,,Phimai,iZ1(Be$Xjq5vN6
798,Dianemarie,Bastide,2/22/1955,69,Tajikistan,,Konsoy,yC7~Ya>VV
799,Lenka,Borrowman,4/21/2004,20,Philippines,,Santo Niño,sV0\nOMe10}9hF9?
800,Pate,Braferton,10/26/1981,43,Mexico,Michoacan De Ocampo,Lindavista,vD4.u8PXHE
801,Stephan,Stadding,8/9/1979,45,China,,Duping,oU2{I4f@m*j1
802,Darius,Muddimer,4/8/1955,69,Mexico,Chiapas,El Porvenir,"xW5,UIeBOyys1{y"
803,Ethelda,Lease,1/22/1986,38,Brazil,,Portão,rV1_U.c57keFJcv.
804,Kain,MacMichael,2/3/2002,22,Ukraine,,Terny,"kO6""\zXEx_'2!M"
805,Lucienne,Blincowe,7/26/1960,64,Sweden,Gävleborg,Gävle,"jN7""`IKjz9e#"
806,Celka,Fingleton,8/6/1985,39,Russia,,Aniva,zY2.v/@<'{
807,Sim,Buckenham,11/3/1963,61,Russia,,Moshkovo,"lK1?y""iEd@D2Yj+"
808,Wayne,Morena,1/17/1984,40,Indonesia,,Lairoka,zU0#TMq&G
809,Barry,Perrone,9/27/1955,69,Philippines,,San Pedro Apartado,qR1/Tx>O2
810,Gilberta,Roskams,7/18/1982,42,Thailand,,Ban Tak,tQ5)FXde
811,Maudie,O' Connell,3/5/1993,31,Yemen,,Mayfa‘ah,"oN2_U""g3'Jy`|LF9"
812,Ashton,Kiddle,1/28/1955,69,Serbia,,Niška Banja,jD3.4_Bas7}y{
813,Bobbie,Richel,3/3/1987,37,Czech Republic,,Rokytnice nad Jizerou,"hD9!a,j>('}'f!v"
814,Stephine,Dod,2/7/1969,55,Pakistan,,Khairpur,"rS7\$""TRN_vJSS"
815,Adah,Romanini,11/12/1954,70,Yemen,,At Tawāhī,qH0'EbX`zL@Q
816,Emmerich,Inman,10/6/2000,24,France,Île-de-France,Palaiseau,uV2`*A1~k%
817,Upton,Southway,12/17/1974,50,Russia,,Yefimovskiy,uP4.<<{A{)>.Ya@D
818,Yvette,Towers,9/30/1980,44,Brazil,,Santa Luzia,zQ6\Ks!~STcN
819,Joachim,Gethouse,7/26/2002,22,Cyprus,,Mesógi,kX7$V5p+F8A9owR
820,Henderson,Whellams,11/24/1983,41,China,,Xinzheng,wF9?xBFM%
821,Cristi,Tarborn,12/31/1985,39,Argentina,,Catriló,"pA2(2""""cR"
822,Kitty,Muselli,2/1/1955,69,Portugal,Viana do Castelo,Vilar,"bJ2`zR3BzK,%Dh>"
823,Dora,Dunrige,1/2/2004,20,Indonesia,,Boro,bF0%ldpD_3
824,Analiese,Jirasek,9/11/2002,22,China,,Xia Dawo,"cY9_)Uio""o"
825,Riane,Clapston,11/4/1955,69,Indonesia,,Dusun Desa Bunter,"lT5'SwLT(Za,fi"
826,Frank,Floris,1/20/1956,68,Poland,,Raszków,rZ2.\UgW%gOw
827,Teodorico,Taree,4/30/1986,38,China,,Paipu,rX5(Y{1OdGx@k+
828,Zsazsa,Overthrow,1/29/1988,36,France,Bourgogne,Dijon,"yJ2_2j8/&"""
829,Stormie,Gallally,1/22/1994,30,Serbia,,Novi Beograd,uA5/%t!fFz
830,Roz,Kimmons,6/18/1965,59,Philippines,,Natonin,hK3.fZ4Mc(+8`zj
831,Kris,Imlaw,5/14/1960,64,China,,Jishan,uF6<1Z8U`.p)#TZ
832,Garth,Westoff,6/6/1957,67,Thailand,,Sao Hai,"tQ4?$""Sd)nzE("
833,Luke,Kernar,11/16/1958,66,United States,California,Huntington Beach,iB2@Lz0o/~Xw}X
834,Florella,Propper,1/14/1986,38,Azerbaijan,,Nakhchivan,"jU7}b,ze4K*"
835,Terrence,Josse,4/27/1975,49,Poland,,Przyborów,xO3>z&wE/6ib/Mv
836,Daron,George,10/10/1972,52,China,,Longgang,"aK4*_}4yv,8""X3gK"
837,Gualterio,Calfe,2/10/2001,23,Russia,,Pesochnoye,nM0{s>VYRuk/Nn|
838,West,Cardno,12/6/1973,51,France,Corse,Ajaccio,"bA4""D+#)K5"
839,Jess,Toolin,8/17/1978,46,Russia,,Kama,yL8(/kLv~S.
840,Wolf,Jiras,8/27/1983,41,France,Centre,Blois,uH4#r>{eNz
841,Maury,Kantor,6/22/1988,36,Ecuador,,Montecristi,gO5(`(w%+j!6Djn
842,Chrissy,Giorio,1/23/1974,50,Colombia,,Espinal,"vP7|KV7h,x+ln"
843,Aggie,Mennear,3/16/1993,31,Sudan,,El Fasher,rE2}8#oUhYR!
844,Juliana,Lindhe,3/25/1959,65,Indonesia,,Andir,"wX2\w2E6,2sZ{"
845,Wayland,Twelvetrees,1/31/1955,69,China,,Lengshuitan,yX7)Cn_wj\MSi
846,Priscilla,Lambden,11/9/1987,37,Indonesia,,Plandi,gP5$z+6#
847,Gustav,Cutbush,3/12/1957,67,Russia,,Shebunino,xM2/6&ff
848,Heall,Willoughey,6/8/1997,27,Portugal,Porto,Maia,rL6#G._gE&g(
849,Seka,Ilson,6/5/1960,64,Tanzania,,Biharamulo,yL6_`adBSKZ~Dj
850,Ode,Sprouls,7/6/1977,47,Thailand,,Phanom Phrai,qB4?z}N#
851,Jeno,Kneeshaw,9/16/1976,48,Portugal,Ilha de São Miguel,Feteira Grande,dU5_/Ad\Pktx3e
852,Enrica,Caldera,11/2/1963,61,Jamaica,,Runaway Bay,fL1+VdkEc
853,Rowe,Gillebert,6/28/1982,42,Chad,,Goz Beïda,cJ0!kPJ#z<.l6$={
854,Tristam,Staddart,10/12/1989,35,Poland,,Strzelce Krajeńskie,"xY0_9Lq"",<A"
855,Augustin,Chainey,1/14/1977,47,Indonesia,,Anoek,"iL5~QA""yq`b3wKn"
856,Lutero,Stilliard,2/28/1987,37,Belize,,San Ignacio,fP1|C\ft9.s
857,Finlay,Ever,9/12/1971,53,Indonesia,,Panimbang,vR1\2hK&=ew
858,Savina,Muncaster,8/31/1964,60,China,,Huangshi,hI0<)G1+X1
859,Ruthe,Ferney,2/26/1960,64,Ukraine,,Manevychi,fB0+No+EhlXb
860,Petr,Timbs,5/27/1977,47,France,Centre,Tours,zH4'N0paRy$c%
861,Doti,Beney,2/28/1960,64,Brazil,,Santa Inês,"mL2""/{WBo"
862,Trina,Teale,3/3/1981,43,Iraq,,Rāwandūz,"kN6!,N#VV<I"
863,Michal,McCarver,6/22/2003,21,Iraq,,Zākhū,zC2(5Uh7YF)a+Ky
864,Si,Garard,4/5/1997,27,Argentina,,General Galarza,uZ5)<iq!pQ
865,Hillel,Jans,12/20/1973,51,Russia,,Dzhiginka,"fO0?GT3{)5""/="
866,Nike,Humbell,4/29/1989,35,Botswana,,Tonota,kR9.CgiQ}=<
867,John,Faircley,4/12/1961,63,China,,Chunmuying,qH7*@o22Ouv&RSp
868,Obidiah,Gare,3/24/1980,44,China,,Baitao,hO4$4*zTXBc
869,Debera,Rowlands,11/13/1965,59,Peru,,Simbal,"mR4~Wh#$`j""o4GbE"
870,Stearne,Cowen,7/16/1963,61,Syria,,Hīsh,gE8.H?B3e@%V<{N
871,Benn,Hemstead,12/2/1968,56,Indonesia,,Pasirsongket Dua,aB6$3L{O2PPRnkwL
872,Hester,Clemmey,5/11/1986,38,Indonesia,,Heret,mP3@Zp*/433|X
873,Adriano,Cousin,10/2/1991,33,Vietnam,,Lương Bằng,aL6#OAA$1O7+0<n
874,Odille,Breakwell,12/23/1963,61,Vietnam,,Phù Mỹ,eE7!2A#tj
875,Cele,Jelfs,7/25/1961,63,Bahamas,,George Town,oD9*wM+LkFz}9
876,Trenton,Conochie,2/16/1999,25,Russia,,Tyoply Stan,xN6}ZNeX<pIV
877,Valaree,Hug,3/11/1956,68,Indonesia,,Tayu,lD1+os`SD
878,Cordy,Otson,10/3/1990,34,China,,Huicheng,dS9?@7A&xgIql
879,Danni,Kemm,5/1/1983,41,South Africa,,Constantia,"tF2""5f%Dq.h"
880,Jacquenetta,Foli,6/15/1984,40,Israel,,Deir Ḥannā,"aB2""n_ww%1G3G=Z!"
881,Royce,Pechan,11/25/1981,43,Afghanistan,,Pachīr wa Āgām,"uX2,4)2`b@%"
882,Donall,Steet,4/21/1965,59,China,,Yuxi,cG5\g+D7E
883,Camilla,Linkleter,8/11/1983,41,China,,Changchun,lZ9@aKin4+gf
884,Ann-marie,Scanlan,3/27/1995,29,Indonesia,,Gawul,eX5(<b<r?FyD
885,Yoshi,Sunock,12/21/1963,61,Indonesia,,Lembang,gB0@HrbmX
886,Phillis,Miliffe,7/27/1992,32,North Korea,,Hŭkkyo-ri,dJ0>wBdwK*oD
887,Randi,Aleksandrev,4/1/1984,40,Brazil,,Arcos,"xO4+%>f2J""KZI"
888,Sergeant,Robard,1/31/1987,37,Ukraine,,Sloboda,pC5+Hhog\5{zg
889,Zarla,Craddy,4/15/1955,69,Indonesia,,Maunggora,lE1$C&~jL_d#
890,Lanny,Kunkel,5/22/2003,21,Czech Republic,,Ronov nad Doubravou,gH3\3~hc<apvP8
891,Gwenneth,Playfair,9/27/1994,30,Afghanistan,,Panjāb,"fJ7`=+NIKe,)n"
892,Jeffry,Lidierth,11/9/1995,29,Peru,,Choropampa,qT4<E0k+Ju
893,Maribeth,Elliston,6/14/1996,28,Indonesia,,Ngondokandawu,"wR8@k~$,yeobLR+"
894,Ellynn,Drinkhill,4/21/1959,65,Canada,Alberta,Banff,"xY6""LD(GP"
895,Samaria,Kirley,11/26/1999,25,Brazil,,Guariba,bX4_J#?GHW*NNwQ
896,Kat,Lockhart,3/10/1978,46,China,,Xiaozhai,cB1_+=7C5lLc
897,Lauritz,Witherop,7/15/1958,66,Indonesia,,Krajan,sM8$t(g&+mN
898,Winifred,Jonin,3/18/1967,57,Peru,,Huari,sA9'>a7=
899,Marybeth,Gauford,7/17/1990,34,China,,Dongzhang,hV1+&`2BZ2f
900,Ellissa,Elvidge,12/1/1991,33,Cameroon,,Banyo,mS2=Fx\(00fkj
901,Korie,Smallman,9/19/1958,66,Yemen,,Al Ḩudaydah,mN8/{iHz2!k<Z
902,Carroll,Durward,11/26/1956,68,Armenia,,Balahovit,hK2~)I~#gK
903,Shannan,Shekle,9/5/1992,32,Brazil,,São Sebastião do Paraíso,yT3#R9|Aj$_'GI8|
904,Dorian,Atger,6/10/1993,31,Philippines,,Lunec,fN8|75kBxPr<
905,Lorant,Shirtliff,9/29/1974,50,Ethiopia,,Dodola,"xW0,N!WAKH2x"
906,Gaultiero,Acuna,12/30/1955,69,France,Île-de-France,Poissy,"bR7,1J6v0`VTV<"
907,Rosemary,Moncrefe,12/30/1976,48,Czech Republic,,Větřní,qI5``FYa5N
908,Mitchell,Feasley,5/14/1982,42,Slovenia,,Solkan,"qC5,_3RX""wF`"
909,Kent,Croucher,9/21/1967,57,China,,Jinggan,"fI7)JBW"""
910,Che,Joice,11/24/1990,34,Colombia,,Ábrego,"aS5~8.3(9\,"
911,Norine,Brick,9/28/1990,34,Venezuela,,Sabana de Parra,qB7<M?gpS\tE.
912,Matthiew,Farthin,8/23/1998,26,Russia,,Vichuga,lU2#ng3c9>}u>S)#
913,Katie,Fleg,12/7/1996,28,Russia,,Kolpashevo,nT6)B2<MSWLw}
914,Ernesto,McKirdy,7/4/1968,56,China,,Guji,bG4~}xD'Kd=Q
915,Kevyn,Sivill,4/21/1974,50,Indonesia,,Sukacai,aM6<$))Q<
916,Cristina,Parkyn,7/9/2001,23,China,,Liulang,sJ1}t%OBzr1h
917,Hermione,Force,4/7/1990,34,Portugal,Viana do Castelo,Passos,"jR2{F)}s?""}./qJ"
918,Manolo,Gaul,4/17/1959,65,China,,Liyuan,"kZ6"",mmba"
919,Brnaby,Coon,2/6/1987,37,Kazakhstan,,Shu,"bV6_Oki_""ckkA|j"
920,Darwin,Brigden,8/24/1970,54,New Zealand,,Westport,"rS7<gvS7,dj9="
921,Harlene,Kegley,11/30/1989,35,Sudan,,Ad Dabbah,wN7&@LqYRS
922,Valli,Miettinen,2/16/1997,27,Panama,,La Palma,sE9)nW#2
923,Nadya,Croft,11/18/1954,70,Pakistan,,Nowshera,vT8+B|BpAS6hB\D`
924,Olag,Clue,6/16/1987,37,Mongolia,,Chandmanĭ,gJ2)3SKvp6m
925,Frasco,Read,2/5/2003,21,Afghanistan,,Herāt,pA7(M|`eE2B
926,Selia,Fellos,3/7/1989,35,Portugal,Leiria,Ponte da Pedra,"bZ8""s}Y("
927,Feliza,Arnald,1/10/1983,41,France,Provence-Alpes-Côte d'Azur,Marseille,kJ3`~Q7rj&VG
928,Shanta,Cerie,4/22/1975,49,Vietnam,,Anh Son,rD3)>o#WN
929,Chad,Gottschalk,12/11/1996,28,Denmark,Region Hovedstaden,København,"uK1%z!TK,eSwR12l"
930,Edi,ducarme,12/8/1998,26,Belarus,,Pukhavichy,wJ2_q=job
931,Findley,Kytley,11/7/1956,68,Japan,,Sobue,"kW2""`AoEDf91"
932,Antonietta,Crosse,9/4/1974,50,China,,Shetan,mF3%Pe.MJV<H
933,Guthry,Oakshott,12/10/1970,54,Canada,Québec,Amos,qY8.!rk2_#OLd
934,Salmon,Gulvin,11/9/1988,36,Russia,,Roshchino,rH8!NDlab
935,Tiphanie,Mockler,1/6/1978,46,Portugal,Vila Real,Boticas,fU2`@Q}im1(
936,Ysabel,Tailby,8/29/2001,23,Philippines,,Rizal,gE9#vEcQD
937,Jourdan,Geldard,2/24/1995,29,Uruguay,,Maldonado,rE2~cKPjW)b
938,Silas,Roderigo,7/6/1993,31,Vietnam,,Thị Trấn Yên Thịnh,sA1+&5}1=%f_sD
939,Ezra,Chaffen,8/28/2000,24,U.S. Virgin Islands,,Charlotte Amalie,vK3@VWQf$
940,Melissa,Compson,6/4/1998,26,Poland,,Repki,dJ5>!b`V!
941,Noah,Dugget,11/25/1988,36,Philippines,,Payapa,jC4'bTrH
942,Roobbie,Channon,2/25/1984,40,Indonesia,,Kaliprak,wW9?z)|\=j<
943,Nero,Blakeley,5/23/1960,64,Nigeria,,Aku,wW5'OVFH?Sc
944,Hailey,Slamaker,11/2/1955,69,China,,Xieqiao,lG3`~`h>v6HT
945,Nobie,Grewer,11/10/1954,70,Serbia,,Banatski Despotovac,aY9~p(VO
946,Becky,Kerbey,10/10/1990,34,United States,South Carolina,Columbia,tM9?|#06\
947,Isidoro,Lanchbery,2/27/2002,22,China,,Qinshi,nB6'\GXb4s4YR/m$
948,Tierney,Reilly,4/10/1960,64,China,,Shipaidong,"pN9""F!6L"
949,Donica,Poundsford,11/18/2001,23,China,,Daze,oY0/yd}Tbu
950,Julianna,Paddy,8/31/1984,40,Argentina,,Neuquén,hP8~P<?WT~mb*?B
951,Inge,Burnhard,3/28/1980,44,Argentina,,Tintina,tT8.JO7CZ.
952,Leonanie,Reap,8/21/1979,45,United States,Ohio,Toledo,mX3_$&U0hCq5
953,Nolie,Golledge,12/15/1988,36,Bolivia,,Camargo,"zI3""o|}<"
954,Steffi,Kivell,3/10/1998,26,Indonesia,,Cikuning,nO6'Y~=D}\(U~Qeo
955,Gael,Christie,3/23/1957,67,Czech Republic,,Lenešice,dZ4\O6C(c1X|&Fk
956,Miguelita,Doudny,10/11/1972,52,China,,Huangpu,"iV3?EbwkvBP,kT"
957,Leighton,Ungaretti,6/17/1995,29,Indonesia,,Kadupayung,fP2(KmN6vr7ObR
958,Yolande,Bolf,4/17/1963,61,China,,Hucheng,xU0`NhAalDH&2f6e
959,Wells,Caselli,10/5/2002,22,Malaysia,Kuala Lumpur,Kuala Lumpur,cX0$hkUD
960,Beatrix,Soots,6/6/1964,60,Democratic Republic of the Congo,,Bandundu,"hF0|yD,w9>pqf,Y"
961,Sal,Rottger,3/3/1984,40,Indonesia,,Cibugel,rV3?>6b1RRh
962,Andreas,Dayne,1/18/1955,69,Bosnia and Herzegovina,,Solina,pS9+BYo3iw>W
963,Halie,Herley,12/10/1986,38,Kazakhstan,,Ush-Tyube,wP8'sbRo~EBFea
964,Hoyt,Marieton,1/15/2000,24,Libya,,Şurmān,aX6+t<=a1g*bm
965,Edithe,Towse,8/30/1979,45,Vietnam,,Thành Phố Thái Bình,"jJ5*DG>R4?E""rn#0"
966,Shanta,Nestor,2/23/1971,53,Honduras,,San José de Colinas,tT6{HmP|)Q>5O+
967,Mick,Lathom,6/24/1997,27,China,,Hadayang,"kJ9""Q~TBp"
968,Doti,Salazar,8/8/1975,49,Russia,,Ponyri Vtoryye,wI8)RYf+6XA{8
969,Bartel,Spera,4/23/1991,33,Philippines,,Panan,"nD3,6,Ur0\fd("
970,Mortimer,Birdwhistle,5/14/1988,36,China,,Yayao,"rJ0""Rt,bRs%/l("
971,Raynor,De Bischop,4/8/2001,23,China,,Hongguang,nX5=#}!}*\|
972,Jonathon,Beecker,8/5/1985,39,Serbia,,Niška Banja,kG7`oS/1
973,Samuele,Hunnam,3/20/2002,22,Czech Republic,,Batelov,gX4..p2IzFDA
974,Shirlee,Davydkov,5/12/1982,42,Ukraine,,Rozvadov,eT7#J+t~aaMA_
975,Ximenez,Mainson,8/1/1968,56,Tanzania,,Mugumu,gC3%p22%W#
976,Harold,Comberbeach,2/11/1969,55,Sweden,Stockholm,Tomteboda,aZ4{Oi$~rEu
977,Kelila,Gabb,1/19/1987,37,Philippines,,Pagsanahan Norte,iN6@bk!EB%mdFl
978,Jackie,Geany,11/28/1987,37,China,,Sandaowan,jC3$8wAh#Yrs
979,Meriel,Chasson,11/27/1965,59,Pakistan,,Khairpur Nathan Shāh,wT7>%kfJcQB_
980,Giulietta,Merit,8/3/1977,47,Russia,,Severo-Yeniseyskiy,gL4.EF220@==`
981,Noe,Dandy,9/23/1985,39,France,Île-de-France,Soisy-sous-Montmorency,"jH0=z,D#aaoryEsU"
982,Avigdor,Oakeshott,5/7/1993,31,Indonesia,,Randu,mL7%f{W*
983,Anne-corinne,Van der Beek,6/14/1988,36,Sweden,Södermanland,Katrineholm,lZ0_*=v.
984,Donnie,Georgeot,4/24/1978,46,Indonesia,,Korogan Timur,"pP3`,""n3ec~"
985,Gannie,Fishpool,2/15/1988,36,Finland,,Broby,eZ3*oF!wUK
986,Kristopher,Pidgeley,10/27/1984,40,Japan,,Komono,"xR5.C""75{fERU"
987,Falito,Pearlman,12/8/1989,35,Peru,,Maranganí,"pQ9~28{Xm,P%K_lL"
988,Karol,Saffin,10/20/1986,38,Ukraine,,Krasnokuts’k,"yI4><KC,s9Z85"
989,Ernest,Kenwrick,4/16/1980,44,Cameroon,,Mbandjok,mD1(O$/m7!
990,Les,Trorey,12/6/1965,59,Canada,Saskatchewan,Pilot Butte,uI9&(\c.h5rQ
991,Aymer,Warren,6/10/1956,68,Mexico,Jalisco,El Cerrito,iQ2#.{dV$to
992,Gavrielle,Sackey,6/6/1985,39,Indonesia,,Karangbadar Kidul,yF2/#{e4
993,Daveen,Reschke,5/29/1969,55,France,Île-de-France,Paris 19,oM7=\6$GoYDxGu
994,Lainey,McIver,3/10/1960,64,China,,Gaopi,"nH4}T1cOaAq@F&""8"
995,Trixie,Game,7/14/1988,36,Indonesia,,Kotablolong,wX0(_qvV
996,Lilith,Boyn,1/25/1971,53,Azerbaijan,,Sumqayıt,xH5%hGxo8!`.
997,Silvia,Deek,3/6/1983,41,Indonesia,,Pacar,"hF4))M""EQkAy,@"
998,May,Tye,10/16/1986,38,Germany,Baden-Württemberg,Freiburg im Breisgau,jU8'I}RO
999,Brody,Plume,11/27/1961,63,Afghanistan,,Pas Pul,sX9&rt02w@W
1000,Siusan,Jeacocke,7/3/1996,28,China,,Zongzhai,"fL3'z{?DKf"""
